"Source","Output"
"D:\JF图库\8-28_JF商品图输出\173DP14016Y_JF_imagegen\173DP14016Y_JF_imagegen_final_20260903_v2\173dp14016x-black-native-v3\173dp14016x-black_02_back_view.png","D:\JF图库\_camelimage_upload_work\173DP14016Y_JF_imagegen\173DP14016Y_JF_imagegen_final_20260903_v2\173dp14016x-black-native-v3\173dp14016x-black_02_back_view.jpg"
"D:\JF图库\8-28_JF商品图输出\173DP14016Y_JF_imagegen\173DP14016Y_JF_imagegen_final_20260903_v2\173dp14016x-black-native-v3\173dp14016x-black_01_hero_front.png","D:\JF图库\_camelimage_upload_work\173DP14016Y_JF_imagegen\173DP14016Y_JF_imagegen_final_20260903_v2\173dp14016x-black-native-v3\173dp14016x-black_01_hero_front.jpg"
"D:\JF图库\8-28_JF商品图输出\173DP14016Y_JF_imagegen\173DP14016Y_JF_imagegen_final_20260903_v2\173dp14016x-black-native-v3\173dp14016x-black_04_function_detail_b.png","D:\JF图库\_camelimage_upload_work\173DP14016Y_JF_imagegen\173DP14016Y_JF_imagegen_final_20260903_v2\173dp14016x-black-native-v3\173dp14016x-black_04_function_detail_b.jpg"
"D:\JF图库\8-28_JF商品图输出\173DP14016Y_JF_imagegen\173DP14016Y_JF_imagegen_final_20260903_v2\173dp14016x-black-native-v3\173dp14016x-black_03_function_detail_a.png","D:\JF图库\_camelimage_upload_work\173DP14016Y_JF_imagegen\173DP14016Y_JF_imagegen_final_20260903_v2\173dp14016x-black-native-v3\173dp14016x-black_03_function_detail_a.jpg"
"D:\JF图库\8-28_JF商品图输出\173DP14016Y_JF_imagegen\173DP14016Y_JF_imagegen_final_20260903_v2\173dp14016x-black-native-v3\173dp14016x-black_07_color_swatch.png","D:\JF图库\_camelimage_upload_work\173DP14016Y_JF_imagegen\173DP14016Y_JF_imagegen_final_20260903_v2\173dp14016x-black-native-v3\173dp14016x-black_07_color_swatch.jpg"
"D:\JF图库\8-28_JF商品图输出\173DP14016Y_JF_imagegen\173DP14016Y_JF_imagegen_final_20260903_v2\173dp14016x-black-native-v3\173dp14016x-black_05_function_detail_c.png","D:\JF图库\_camelimage_upload_work\173DP14016Y_JF_imagegen\173DP14016Y_JF_imagegen_final_20260903_v2\173dp14016x-black-native-v3\173dp14016x-black_05_function_detail_c.jpg"
"D:\JF图库\8-28_JF商品图输出\173DP14016Y_JF_imagegen\173DP14016Y_JF_imagegen_final_20260903_v2\173dp14016x-light-blue-native-v2\173dp14016x-light-blue_01_hero_front.png","D:\JF图库\_camelimage_upload_work\173DP14016Y_JF_imagegen\173DP14016Y_JF_imagegen_final_20260903_v2\173dp14016x-light-blue-native-v2\173dp14016x-light-blue_01_hero_front.jpg"
"D:\JF图库\8-28_JF商品图输出\173DP14016Y_JF_imagegen\173DP14016Y_JF_imagegen_final_20260903_v2\173dp14016x-black-native-v3\173dp14016x-black_06_model_scene.png","D:\JF图库\_camelimage_upload_work\173DP14016Y_JF_imagegen\173DP14016Y_JF_imagegen_final_20260903_v2\173dp14016x-black-native-v3\173dp14016x-black_06_model_scene.jpg"
"D:\JF图库\8-28_JF商品图输出\173DP14016Y_JF_imagegen\173DP14016Y_JF_imagegen_final_20260903_v2\173dp14016x-light-blue-native-v2\173dp14016x-light-blue_02_back_view.png","D:\JF图库\_camelimage_upload_work\173DP14016Y_JF_imagegen\173DP14016Y_JF_imagegen_final_20260903_v2\173dp14016x-light-blue-native-v2\173dp14016x-light-blue_02_back_view.jpg"
"D:\JF图库\8-28_JF商品图输出\173DP14016Y_JF_imagegen\173DP14016Y_JF_imagegen_final_20260903_v2\173dp14016x-light-blue-native-v2\173dp14016x-light-blue_04_function_detail_b.png","D:\JF图库\_camelimage_upload_work\173DP14016Y_JF_imagegen\173DP14016Y_JF_imagegen_final_20260903_v2\173dp14016x-light-blue-native-v2\173dp14016x-light-blue_04_function_detail_b.jpg"
"D:\JF图库\8-28_JF商品图输出\173DP14016Y_JF_imagegen\173DP14016Y_JF_imagegen_final_20260903_v2\173dp14016x-light-blue-native-v2\173dp14016x-light-blue_03_function_detail_a.png","D:\JF图库\_camelimage_upload_work\173DP14016Y_JF_imagegen\173DP14016Y_JF_imagegen_final_20260903_v2\173dp14016x-light-blue-native-v2\173dp14016x-light-blue_03_function_detail_a.jpg"
"D:\JF图库\8-28_JF商品图输出\173DP14016Y_JF_imagegen\173DP14016Y_JF_imagegen_final_20260903_v2\173dp14016x-light-blue-native-v2\173dp14016x-light-blue_07_color_swatch.png","D:\JF图库\_camelimage_upload_work\173DP14016Y_JF_imagegen\173DP14016Y_JF_imagegen_final_20260903_v2\173dp14016x-light-blue-native-v2\173dp14016x-light-blue_07_color_swatch.jpg"
"D:\JF图库\8-28_JF商品图输出\173DP14016Y_JF_imagegen\173DP14016Y_JF_imagegen_final_20260903_v2\173dp14016x-light-blue-native-v2\173dp14016x-light-blue_06_model_scene.png","D:\JF图库\_camelimage_upload_work\173DP14016Y_JF_imagegen\173DP14016Y_JF_imagegen_final_20260903_v2\173dp14016x-light-blue-native-v2\173dp14016x-light-blue_06_model_scene.jpg"
"D:\JF图库\8-28_JF商品图输出\173DP14016Y_JF_imagegen\173DP14016Y_JF_imagegen_final_20260903_v2\173dp14016x-light-blue-native-v2\173dp14016x-light-blue_05_function_detail_c.png","D:\JF图库\_camelimage_upload_work\173DP14016Y_JF_imagegen\173DP14016Y_JF_imagegen_final_20260903_v2\173dp14016x-light-blue-native-v2\173dp14016x-light-blue_05_function_detail_c.jpg"
"D:\JF图库\8-28_JF商品图输出\173DP14016Y_JF_imagegen\173DP14016Y_JF_imagegen_final_20260903_v2\173dp14016y-beige-native-v2\173dp14016y-beige_01_hero_front.png","D:\JF图库\_camelimage_upload_work\173DP14016Y_JF_imagegen\173DP14016Y_JF_imagegen_final_20260903_v2\173dp14016y-beige-native-v2\173dp14016y-beige_01_hero_front.jpg"
"D:\JF图库\8-28_JF商品图输出\173DP14016Y_JF_imagegen\173DP14016Y_JF_imagegen_final_20260903_v2\173dp14016y-beige-native-v2\173dp14016y-beige_03_function_detail_a.png","D:\JF图库\_camelimage_upload_work\173DP14016Y_JF_imagegen\173DP14016Y_JF_imagegen_final_20260903_v2\173dp14016y-beige-native-v2\173dp14016y-beige_03_function_detail_a.jpg"
"D:\JF图库\8-28_JF商品图输出\173DP14016Y_JF_imagegen\173DP14016Y_JF_imagegen_final_20260903_v2\173dp14016y-beige-native-v2\173dp14016y-beige_02_back_view.png","D:\JF图库\_camelimage_upload_work\173DP14016Y_JF_imagegen\173DP14016Y_JF_imagegen_final_20260903_v2\173dp14016y-beige-native-v2\173dp14016y-beige_02_back_view.jpg"
"D:\JF图库\8-28_JF商品图输出\173DP14016Y_JF_imagegen\173DP14016Y_JF_imagegen_final_20260903_v2\173dp14016y-beige-native-v2\173dp14016y-beige_04_function_detail_b.png","D:\JF图库\_camelimage_upload_work\173DP14016Y_JF_imagegen\173DP14016Y_JF_imagegen_final_20260903_v2\173dp14016y-beige-native-v2\173dp14016y-beige_04_function_detail_b.jpg"
"D:\JF图库\8-28_JF商品图输出\173DP14016Y_JF_imagegen\173DP14016Y_JF_imagegen_final_20260903_v2\173dp14016y-beige-native-v2\173dp14016y-beige_07_color_swatch.png","D:\JF图库\_camelimage_upload_work\173DP14016Y_JF_imagegen\173DP14016Y_JF_imagegen_final_20260903_v2\173dp14016y-beige-native-v2\173dp14016y-beige_07_color_swatch.jpg"
"D:\JF图库\8-28_JF商品图输出\173DP14016Y_JF_imagegen\173DP14016Y_JF_imagegen_final_20260903_v2\173dp14016y-beige-native-v2\173dp14016y-beige_05_function_detail_c.png","D:\JF图库\_camelimage_upload_work\173DP14016Y_JF_imagegen\173DP14016Y_JF_imagegen_final_20260903_v2\173dp14016y-beige-native-v2\173dp14016y-beige_05_function_detail_c.jpg"
"D:\JF图库\8-28_JF商品图输出\535BB21047B_JF_imagegen\review_contact_sheet.png","D:\JF图库\_camelimage_upload_work\535BB21047B_JF_imagegen\review_contact_sheet.jpg"
"D:\JF图库\8-28_JF商品图输出\535BB21047B_JF_imagegen\fluorescent-green\fluorescent-green_01_hero_front.png","D:\JF图库\_camelimage_upload_work\535BB21047B_JF_imagegen\fluorescent-green\fluorescent-green_01_hero_front.jpg"
"D:\JF图库\8-28_JF商品图输出\173DP14016Y_JF_imagegen\173DP14016Y_JF_imagegen_final_20260903_v2\173dp14016y-beige-native-v2\173dp14016y-beige_06_model_scene.png","D:\JF图库\_camelimage_upload_work\173DP14016Y_JF_imagegen\173DP14016Y_JF_imagegen_final_20260903_v2\173dp14016y-beige-native-v2\173dp14016y-beige_06_model_scene.jpg"
"D:\JF图库\8-28_JF商品图输出\535BB21047B_JF_imagegen\fluorescent-green\fluorescent-green_02_back_view.png","D:\JF图库\_camelimage_upload_work\535BB21047B_JF_imagegen\fluorescent-green\fluorescent-green_02_back_view.jpg"
"D:\JF图库\8-28_JF商品图输出\535BB21047B_JF_imagegen\fluorescent-green\fluorescent-green_03_function_detail_a.png","D:\JF图库\_camelimage_upload_work\535BB21047B_JF_imagegen\fluorescent-green\fluorescent-green_03_function_detail_a.jpg"
"D:\JF图库\8-28_JF商品图输出\535BB21047B_JF_imagegen\fluorescent-green\fluorescent-green_07_color_swatch.png","D:\JF图库\_camelimage_upload_work\535BB21047B_JF_imagegen\fluorescent-green\fluorescent-green_07_color_swatch.jpg"
"D:\JF图库\8-28_JF商品图输出\535BB21047B_JF_imagegen\fluorescent-green\fluorescent-green_04_function_detail_b.png","D:\JF图库\_camelimage_upload_work\535BB21047B_JF_imagegen\fluorescent-green\fluorescent-green_04_function_detail_b.jpg"
"D:\JF图库\8-28_JF商品图输出\535BB21047B_JF_imagegen\fluorescent-green\fluorescent-green_06_model_scene.png","D:\JF图库\_camelimage_upload_work\535BB21047B_JF_imagegen\fluorescent-green\fluorescent-green_06_model_scene.jpg"
"D:\JF图库\8-28_JF商品图输出\535BB21047B_JF_imagegen\fluorescent-green\fluorescent-green_05_function_detail_c.png","D:\JF图库\_camelimage_upload_work\535BB21047B_JF_imagegen\fluorescent-green\fluorescent-green_05_function_detail_c.jpg"
"D:\JF图库\8-28_JF商品图输出\535BB21047B_JF_imagegen\oat-gray\oat-gray_01_hero_front.png","D:\JF图库\_camelimage_upload_work\535BB21047B_JF_imagegen\oat-gray\oat-gray_01_hero_front.jpg"
"D:\JF图库\8-28_JF商品图输出\535BB21047B_JF_imagegen\oat-gray\oat-gray_02_back_view.png","D:\JF图库\_camelimage_upload_work\535BB21047B_JF_imagegen\oat-gray\oat-gray_02_back_view.jpg"
"D:\JF图库\8-28_JF商品图输出\535BB21047B_JF_imagegen\oat-gray\oat-gray_03_function_detail_a.png","D:\JF图库\_camelimage_upload_work\535BB21047B_JF_imagegen\oat-gray\oat-gray_03_function_detail_a.jpg"
"D:\JF图库\8-28_JF商品图输出\535BB21047B_JF_imagegen\oat-gray\oat-gray_07_color_swatch.png","D:\JF图库\_camelimage_upload_work\535BB21047B_JF_imagegen\oat-gray\oat-gray_07_color_swatch.jpg"
"D:\JF图库\8-28_JF商品图输出\535BB21047B_JF_imagegen\oat-gray\oat-gray_04_function_detail_b.png","D:\JF图库\_camelimage_upload_work\535BB21047B_JF_imagegen\oat-gray\oat-gray_04_function_detail_b.jpg"
"D:\JF图库\8-28_JF商品图输出\535BB21047B_JF_imagegen\oat-gray\oat-gray_05_function_detail_c.png","D:\JF图库\_camelimage_upload_work\535BB21047B_JF_imagegen\oat-gray\oat-gray_05_function_detail_c.jpg"
"D:\JF图库\8-28_JF商品图输出\535BB21047B_JF_imagegen\oat-gray\oat-gray_06_model_scene.png","D:\JF图库\_camelimage_upload_work\535BB21047B_JF_imagegen\oat-gray\oat-gray_06_model_scene.jpg"
"D:\JF图库\8-28_JF商品图输出\535BB21047B_JF_imagegen\phantom-black\phantom-black_01_hero_front.png","D:\JF图库\_camelimage_upload_work\535BB21047B_JF_imagegen\phantom-black\phantom-black_01_hero_front.jpg"
"D:\JF图库\8-28_JF商品图输出\535BB21047B_JF_imagegen\phantom-black\phantom-black_02_back_view.png","D:\JF图库\_camelimage_upload_work\535BB21047B_JF_imagegen\phantom-black\phantom-black_02_back_view.jpg"
"D:\JF图库\8-28_JF商品图输出\535BB21047B_JF_imagegen\phantom-black\phantom-black_03_function_detail_a.png","D:\JF图库\_camelimage_upload_work\535BB21047B_JF_imagegen\phantom-black\phantom-black_03_function_detail_a.jpg"
"D:\JF图库\8-28_JF商品图输出\535BB21047B_JF_imagegen\phantom-black\phantom-black_04_function_detail_b.png","D:\JF图库\_camelimage_upload_work\535BB21047B_JF_imagegen\phantom-black\phantom-black_04_function_detail_b.jpg"
"D:\JF图库\8-28_JF商品图输出\535BB21047B_JF_imagegen\phantom-black\phantom-black_07_color_swatch.png","D:\JF图库\_camelimage_upload_work\535BB21047B_JF_imagegen\phantom-black\phantom-black_07_color_swatch.jpg"
"D:\JF图库\8-28_JF商品图输出\535BB21047B_JF_imagegen\phantom-black\phantom-black_05_function_detail_c.png","D:\JF图库\_camelimage_upload_work\535BB21047B_JF_imagegen\phantom-black\phantom-black_05_function_detail_c.jpg"
"D:\JF图库\8-28_JF商品图输出\535BB21047B_JF_imagegen\phantom-black\phantom-black_06_model_scene.png","D:\JF图库\_camelimage_upload_work\535BB21047B_JF_imagegen\phantom-black\phantom-black_06_model_scene.jpg"
"D:\JF图库\8-28_JF商品图输出\573C426019B_JF_imagegen\black\black_01_hero_front.png","D:\JF图库\_camelimage_upload_work\573C426019B_JF_imagegen\black\black_01_hero_front.jpg"
"D:\JF图库\8-28_JF商品图输出\573C426019B_JF_imagegen\black\black_02_back_view.png","D:\JF图库\_camelimage_upload_work\573C426019B_JF_imagegen\black\black_02_back_view.jpg"
"D:\JF图库\8-28_JF商品图输出\573C426019B_JF_imagegen\black\black_03_function_detail_a.png","D:\JF图库\_camelimage_upload_work\573C426019B_JF_imagegen\black\black_03_function_detail_a.jpg"
"D:\JF图库\8-28_JF商品图输出\573C426019B_JF_imagegen\black\black_07_color_swatch.png","D:\JF图库\_camelimage_upload_work\573C426019B_JF_imagegen\black\black_07_color_swatch.jpg"
"D:\JF图库\8-28_JF商品图输出\573C426019B_JF_imagegen\black\black_06_model_scene.png","D:\JF图库\_camelimage_upload_work\573C426019B_JF_imagegen\black\black_06_model_scene.jpg"
"D:\JF图库\8-28_JF商品图输出\573C426019B_JF_imagegen\black\black_05_function_detail_c.png","D:\JF图库\_camelimage_upload_work\573C426019B_JF_imagegen\black\black_05_function_detail_c.jpg"
"D:\JF图库\8-28_JF商品图输出\573C426019B_JF_imagegen\black\black_04_function_detail_b.png","D:\JF图库\_camelimage_upload_work\573C426019B_JF_imagegen\black\black_04_function_detail_b.jpg"
"D:\JF图库\8-28_JF商品图输出\573C426019B_JF_imagegen\oat-gray\oat-gray_01_hero_front.png","D:\JF图库\_camelimage_upload_work\573C426019B_JF_imagegen\oat-gray\oat-gray_01_hero_front.jpg"
"D:\JF图库\8-28_JF商品图输出\573C426019B_JF_imagegen\oat-gray\oat-gray_02_back_view.png","D:\JF图库\_camelimage_upload_work\573C426019B_JF_imagegen\oat-gray\oat-gray_02_back_view.jpg"
"D:\JF图库\8-28_JF商品图输出\573C426019B_JF_imagegen\oat-gray\oat-gray_04_function_detail_b.png","D:\JF图库\_camelimage_upload_work\573C426019B_JF_imagegen\oat-gray\oat-gray_04_function_detail_b.jpg"
"D:\JF图库\8-28_JF商品图输出\573C426019B_JF_imagegen\oat-gray\oat-gray_03_function_detail_a.png","D:\JF图库\_camelimage_upload_work\573C426019B_JF_imagegen\oat-gray\oat-gray_03_function_detail_a.jpg"
"D:\JF图库\8-28_JF商品图输出\573C426019B_JF_imagegen\oat-gray\oat-gray_07_color_swatch.png","D:\JF图库\_camelimage_upload_work\573C426019B_JF_imagegen\oat-gray\oat-gray_07_color_swatch.jpg"
"D:\JF图库\8-28_JF商品图输出\573C426019B_JF_imagegen\oat-gray\oat-gray_05_function_detail_c.png","D:\JF图库\_camelimage_upload_work\573C426019B_JF_imagegen\oat-gray\oat-gray_05_function_detail_c.jpg"
"D:\JF图库\8-28_JF商品图输出\573C426019B_JF_imagegen\oat-gray\oat-gray_06_model_scene.png","D:\JF图库\_camelimage_upload_work\573C426019B_JF_imagegen\oat-gray\oat-gray_06_model_scene.jpg"
"D:\JF图库\8-28_JF商品图输出\574CP36631_JF_imagegen\black\black_01_hero_front.png","D:\JF图库\_camelimage_upload_work\574CP36631_JF_imagegen\black\black_01_hero_front.jpg"
"D:\JF图库\8-28_JF商品图输出\574CP36631_JF_imagegen\black\black_02_back_view.png","D:\JF图库\_camelimage_upload_work\574CP36631_JF_imagegen\black\black_02_back_view.jpg"
"D:\JF图库\8-28_JF商品图输出\574CP36631_JF_imagegen\black\black_03_function_detail_a.png","D:\JF图库\_camelimage_upload_work\574CP36631_JF_imagegen\black\black_03_function_detail_a.jpg"
"D:\JF图库\8-28_JF商品图输出\574CP36631_JF_imagegen\black\black_04_function_detail_b.png","D:\JF图库\_camelimage_upload_work\574CP36631_JF_imagegen\black\black_04_function_detail_b.jpg"
"D:\JF图库\8-28_JF商品图输出\574CP36631_JF_imagegen\black\black_07_color_swatch.png","D:\JF图库\_camelimage_upload_work\574CP36631_JF_imagegen\black\black_07_color_swatch.jpg"
"D:\JF图库\8-28_JF商品图输出\574CP36631_JF_imagegen\black\black_05_function_detail_c.png","D:\JF图库\_camelimage_upload_work\574CP36631_JF_imagegen\black\black_05_function_detail_c.jpg"
"D:\JF图库\8-28_JF商品图输出\574CP36631_JF_imagegen\black\black_06_model_scene.png","D:\JF图库\_camelimage_upload_work\574CP36631_JF_imagegen\black\black_06_model_scene.jpg"
"D:\JF图库\8-28_JF商品图输出\574CP36631_JF_imagegen\red\red_01_hero_front.png","D:\JF图库\_camelimage_upload_work\574CP36631_JF_imagegen\red\red_01_hero_front.jpg"
"D:\JF图库\8-28_JF商品图输出\574CP36631_JF_imagegen\red\red_02_back_view.png","D:\JF图库\_camelimage_upload_work\574CP36631_JF_imagegen\red\red_02_back_view.jpg"
"D:\JF图库\8-28_JF商品图输出\574CP36631_JF_imagegen\red\red_03_function_detail_a.png","D:\JF图库\_camelimage_upload_work\574CP36631_JF_imagegen\red\red_03_function_detail_a.jpg"
"D:\JF图库\8-28_JF商品图输出\574CP36631_JF_imagegen\red\red_07_color_swatch.png","D:\JF图库\_camelimage_upload_work\574CP36631_JF_imagegen\red\red_07_color_swatch.jpg"
"D:\JF图库\8-28_JF商品图输出\574CP36631_JF_imagegen\red\red_04_function_detail_b.png","D:\JF图库\_camelimage_upload_work\574CP36631_JF_imagegen\red\red_04_function_detail_b.jpg"
"D:\JF图库\8-28_JF商品图输出\574CP36631_JF_imagegen\red\red_05_function_detail_c.png","D:\JF图库\_camelimage_upload_work\574CP36631_JF_imagegen\red\red_05_function_detail_c.jpg"
"D:\JF图库\8-28_JF商品图输出\574CP36631_JF_imagegen\red\red_06_model_scene.png","D:\JF图库\_camelimage_upload_work\574CP36631_JF_imagegen\red\red_06_model_scene.jpg"
"D:\JF图库\8-28_JF商品图输出\575CB28041_JF_imagegen\green\green_01_hero_front.png","D:\JF图库\_camelimage_upload_work\575CB28041_JF_imagegen\green\green_01_hero_front.jpg"
"D:\JF图库\8-28_JF商品图输出\575CB28041_JF_imagegen\green\green_02_side_view.png","D:\JF图库\_camelimage_upload_work\575CB28041_JF_imagegen\green\green_02_side_view.jpg"
"D:\JF图库\8-28_JF商品图输出\575CB28041_JF_imagegen\green\green_03_function_detail_a.png","D:\JF图库\_camelimage_upload_work\575CB28041_JF_imagegen\green\green_03_function_detail_a.jpg"
"D:\JF图库\8-28_JF商品图输出\575CB28041_JF_imagegen\green\green_04_function_detail_b.png","D:\JF图库\_camelimage_upload_work\575CB28041_JF_imagegen\green\green_04_function_detail_b.jpg"
"D:\JF图库\8-28_JF商品图输出\575CB28041_JF_imagegen\green\green_07_color_swatch.png","D:\JF图库\_camelimage_upload_work\575CB28041_JF_imagegen\green\green_07_color_swatch.jpg"
"D:\JF图库\8-28_JF商品图输出\575CB28041_JF_imagegen\green\green_05_function_detail_c.png","D:\JF图库\_camelimage_upload_work\575CB28041_JF_imagegen\green\green_05_function_detail_c.jpg"
"D:\JF图库\8-28_JF商品图输出\575CB28041_JF_imagegen\green\green_06_model_scene.png","D:\JF图库\_camelimage_upload_work\575CB28041_JF_imagegen\green\green_06_model_scene.jpg"
"D:\JF图库\8-28_JF商品图输出\575CB28041_JF_imagegen\pink\pink_01_hero_front.png","D:\JF图库\_camelimage_upload_work\575CB28041_JF_imagegen\pink\pink_01_hero_front.jpg"
"D:\JF图库\8-28_JF商品图输出\575CB28041_JF_imagegen\pink\pink_02_side_view.png","D:\JF图库\_camelimage_upload_work\575CB28041_JF_imagegen\pink\pink_02_side_view.jpg"
"D:\JF图库\8-28_JF商品图输出\575CB28041_JF_imagegen\pink\pink_03_function_detail_a.png","D:\JF图库\_camelimage_upload_work\575CB28041_JF_imagegen\pink\pink_03_function_detail_a.jpg"
"D:\JF图库\8-28_JF商品图输出\575CB28041_JF_imagegen\pink\pink_07_color_swatch.png","D:\JF图库\_camelimage_upload_work\575CB28041_JF_imagegen\pink\pink_07_color_swatch.jpg"
"D:\JF图库\8-28_JF商品图输出\575CB28041_JF_imagegen\pink\pink_04_function_detail_b.png","D:\JF图库\_camelimage_upload_work\575CB28041_JF_imagegen\pink\pink_04_function_detail_b.jpg"
"D:\JF图库\8-28_JF商品图输出\575CB28041_JF_imagegen\pink\pink_05_function_detail_c.png","D:\JF图库\_camelimage_upload_work\575CB28041_JF_imagegen\pink\pink_05_function_detail_c.jpg"
"D:\JF图库\8-28_JF商品图输出\575CB28041_JF_imagegen\pink\pink_06_model_scene.png","D:\JF图库\_camelimage_upload_work\575CB28041_JF_imagegen\pink\pink_06_model_scene.jpg"
"D:\JF图库\8-28_JF商品图输出\575CB28041_JF_imagegen\purple\purple_01_hero_front.png","D:\JF图库\_camelimage_upload_work\575CB28041_JF_imagegen\purple\purple_01_hero_front.jpg"
"D:\JF图库\8-28_JF商品图输出\575CB28041_JF_imagegen\purple\purple_02_side_view.png","D:\JF图库\_camelimage_upload_work\575CB28041_JF_imagegen\purple\purple_02_side_view.jpg"
"D:\JF图库\8-28_JF商品图输出\575CB28041_JF_imagegen\purple\purple_03_function_detail_a.png","D:\JF图库\_camelimage_upload_work\575CB28041_JF_imagegen\purple\purple_03_function_detail_a.jpg"
"D:\JF图库\8-28_JF商品图输出\575CB28041_JF_imagegen\purple\purple_07_color_swatch.png","D:\JF图库\_camelimage_upload_work\575CB28041_JF_imagegen\purple\purple_07_color_swatch.jpg"
"D:\JF图库\8-28_JF商品图输出\575CB28041_JF_imagegen\purple\purple_04_function_detail_b.png","D:\JF图库\_camelimage_upload_work\575CB28041_JF_imagegen\purple\purple_04_function_detail_b.jpg"
"D:\JF图库\8-28_JF商品图输出\575CB28041_JF_imagegen\purple\purple_05_function_detail_c.png","D:\JF图库\_camelimage_upload_work\575CB28041_JF_imagegen\purple\purple_05_function_detail_c.jpg"
"D:\JF图库\8-28_JF商品图输出\575CB28041_JF_imagegen\purple\purple_06_model_scene.png","D:\JF图库\_camelimage_upload_work\575CB28041_JF_imagegen\purple\purple_06_model_scene.jpg"
"D:\JF图库\8-28_JF商品图输出\575CB28041_JF_imagegen\yellow\yellow_02_side_view.png","D:\JF图库\_camelimage_upload_work\575CB28041_JF_imagegen\yellow\yellow_02_side_view.jpg"
"D:\JF图库\8-28_JF商品图输出\575CB28041_JF_imagegen\yellow\yellow_01_hero_front.png","D:\JF图库\_camelimage_upload_work\575CB28041_JF_imagegen\yellow\yellow_01_hero_front.jpg"
"D:\JF图库\8-28_JF商品图输出\575CB28041_JF_imagegen\yellow\yellow_03_function_detail_a.png","D:\JF图库\_camelimage_upload_work\575CB28041_JF_imagegen\yellow\yellow_03_function_detail_a.jpg"
"D:\JF图库\8-28_JF商品图输出\575CB28041_JF_imagegen\yellow\yellow_07_color_swatch.png","D:\JF图库\_camelimage_upload_work\575CB28041_JF_imagegen\yellow\yellow_07_color_swatch.jpg"
"D:\JF图库\8-28_JF商品图输出\575CB28041_JF_imagegen\yellow\yellow_04_function_detail_b.png","D:\JF图库\_camelimage_upload_work\575CB28041_JF_imagegen\yellow\yellow_04_function_detail_b.jpg"
"D:\JF图库\8-28_JF商品图输出\575CB28041_JF_imagegen\yellow\yellow_05_function_detail_c.png","D:\JF图库\_camelimage_upload_work\575CB28041_JF_imagegen\yellow\yellow_05_function_detail_c.jpg"
"D:\JF图库\8-28_JF商品图输出\575CB28041_JF_imagegen\yellow\yellow_06_model_scene.png","D:\JF图库\_camelimage_upload_work\575CB28041_JF_imagegen\yellow\yellow_06_model_scene.jpg"
"D:\JF图库\8-28_JF商品图输出\726BK05011_JF_imagegen\glacier-gray\glacier-gray_01_hero_front.png","D:\JF图库\_camelimage_upload_work\726BK05011_JF_imagegen\glacier-gray\glacier-gray_01_hero_front.jpg"
"D:\JF图库\8-28_JF商品图输出\726BK05011_JF_imagegen\glacier-gray\glacier-gray_02_back_view.png","D:\JF图库\_camelimage_upload_work\726BK05011_JF_imagegen\glacier-gray\glacier-gray_02_back_view.jpg"
"D:\JF图库\8-28_JF商品图输出\726BK05011_JF_imagegen\glacier-gray\glacier-gray_04_function_detail_b.png","D:\JF图库\_camelimage_upload_work\726BK05011_JF_imagegen\glacier-gray\glacier-gray_04_function_detail_b.jpg"
"D:\JF图库\8-28_JF商品图输出\726BK05011_JF_imagegen\glacier-gray\glacier-gray_05_function_detail_c.png","D:\JF图库\_camelimage_upload_work\726BK05011_JF_imagegen\glacier-gray\glacier-gray_05_function_detail_c.jpg"
"D:\JF图库\8-28_JF商品图输出\726BK05011_JF_imagegen\glacier-gray\glacier-gray_03_function_detail_a.png","D:\JF图库\_camelimage_upload_work\726BK05011_JF_imagegen\glacier-gray\glacier-gray_03_function_detail_a.jpg"
"D:\JF图库\8-28_JF商品图输出\726BK05011_JF_imagegen\glacier-gray\glacier-gray_07_color_swatch.png","D:\JF图库\_camelimage_upload_work\726BK05011_JF_imagegen\glacier-gray\glacier-gray_07_color_swatch.jpg"
"D:\JF图库\8-28_JF商品图输出\726BK05011_JF_imagegen\glacier-gray\glacier-gray_06_model_scene.png","D:\JF图库\_camelimage_upload_work\726BK05011_JF_imagegen\glacier-gray\glacier-gray_06_model_scene.jpg"
"D:\JF图库\8-28_JF商品图输出\726BK05011_JF_imagegen\mist-blue\mist-blue_02_back_view.png","D:\JF图库\_camelimage_upload_work\726BK05011_JF_imagegen\mist-blue\mist-blue_02_back_view.jpg"
"D:\JF图库\8-28_JF商品图输出\726BK05011_JF_imagegen\mist-blue\mist-blue_01_hero_front.png","D:\JF图库\_camelimage_upload_work\726BK05011_JF_imagegen\mist-blue\mist-blue_01_hero_front.jpg"
"D:\JF图库\8-28_JF商品图输出\726BK05011_JF_imagegen\mist-blue\mist-blue_03_function_detail_a.png","D:\JF图库\_camelimage_upload_work\726BK05011_JF_imagegen\mist-blue\mist-blue_03_function_detail_a.jpg"
"D:\JF图库\8-28_JF商品图输出\726BK05011_JF_imagegen\mist-blue\mist-blue_07_color_swatch.png","D:\JF图库\_camelimage_upload_work\726BK05011_JF_imagegen\mist-blue\mist-blue_07_color_swatch.jpg"
"D:\JF图库\8-28_JF商品图输出\726BK05011_JF_imagegen\mist-blue\mist-blue_06_model_scene.png","D:\JF图库\_camelimage_upload_work\726BK05011_JF_imagegen\mist-blue\mist-blue_06_model_scene.jpg"
"D:\JF图库\8-28_JF商品图输出\726BK05011_JF_imagegen\mist-blue\mist-blue_05_function_detail_c.png","D:\JF图库\_camelimage_upload_work\726BK05011_JF_imagegen\mist-blue\mist-blue_05_function_detail_c.jpg"
"D:\JF图库\8-28_JF商品图输出\726BK05011_JF_imagegen\mist-blue\mist-blue_04_function_detail_b.png","D:\JF图库\_camelimage_upload_work\726BK05011_JF_imagegen\mist-blue\mist-blue_04_function_detail_b.jpg"
"D:\JF图库\8-28_JF商品图输出\726BK05011_JF_imagegen\mist-pink\mist-pink_01_hero_front.png","D:\JF图库\_camelimage_upload_work\726BK05011_JF_imagegen\mist-pink\mist-pink_01_hero_front.jpg"
"D:\JF图库\8-28_JF商品图输出\726BK05011_JF_imagegen\mist-pink\mist-pink_02_back_view.png","D:\JF图库\_camelimage_upload_work\726BK05011_JF_imagegen\mist-pink\mist-pink_02_back_view.jpg"
"D:\JF图库\8-28_JF商品图输出\726BK05011_JF_imagegen\mist-pink\mist-pink_03_function_detail_a.png","D:\JF图库\_camelimage_upload_work\726BK05011_JF_imagegen\mist-pink\mist-pink_03_function_detail_a.jpg"
"D:\JF图库\8-28_JF商品图输出\726BK05011_JF_imagegen\mist-pink\mist-pink_07_color_swatch.png","D:\JF图库\_camelimage_upload_work\726BK05011_JF_imagegen\mist-pink\mist-pink_07_color_swatch.jpg"
"D:\JF图库\8-28_JF商品图输出\726BK05011_JF_imagegen\mist-pink\mist-pink_04_function_detail_b.png","D:\JF图库\_camelimage_upload_work\726BK05011_JF_imagegen\mist-pink\mist-pink_04_function_detail_b.jpg"
"D:\JF图库\8-28_JF商品图输出\726BK05011_JF_imagegen\mist-pink\mist-pink_05_function_detail_c.png","D:\JF图库\_camelimage_upload_work\726BK05011_JF_imagegen\mist-pink\mist-pink_05_function_detail_c.jpg"
"D:\JF图库\8-28_JF商品图输出\726BK05011_JF_imagegen\phantom-black\phantom-black_01_hero_front.png","D:\JF图库\_camelimage_upload_work\726BK05011_JF_imagegen\phantom-black\phantom-black_01_hero_front.jpg"
"D:\JF图库\8-28_JF商品图输出\726BK05011_JF_imagegen\mist-pink\mist-pink_06_model_scene.png","D:\JF图库\_camelimage_upload_work\726BK05011_JF_imagegen\mist-pink\mist-pink_06_model_scene.jpg"
"D:\JF图库\8-28_JF商品图输出\726BK05011_JF_imagegen\phantom-black\phantom-black_02_back_view.png","D:\JF图库\_camelimage_upload_work\726BK05011_JF_imagegen\phantom-black\phantom-black_02_back_view.jpg"
"D:\JF图库\8-28_JF商品图输出\726BK05011_JF_imagegen\phantom-black\phantom-black_03_function_detail_a.png","D:\JF图库\_camelimage_upload_work\726BK05011_JF_imagegen\phantom-black\phantom-black_03_function_detail_a.jpg"
"D:\JF图库\8-28_JF商品图输出\726BK05011_JF_imagegen\phantom-black\phantom-black_07_color_swatch.png","D:\JF图库\_camelimage_upload_work\726BK05011_JF_imagegen\phantom-black\phantom-black_07_color_swatch.jpg"
"D:\JF图库\8-28_JF商品图输出\726BK05011_JF_imagegen\phantom-black\phantom-black_05_function_detail_c.png","D:\JF图库\_camelimage_upload_work\726BK05011_JF_imagegen\phantom-black\phantom-black_05_function_detail_c.jpg"
"D:\JF图库\8-28_JF商品图输出\726BK05011_JF_imagegen\phantom-black\phantom-black_04_function_detail_b.png","D:\JF图库\_camelimage_upload_work\726BK05011_JF_imagegen\phantom-black\phantom-black_04_function_detail_b.jpg"
"D:\JF图库\8-28_JF商品图输出\726BK05011_JF_imagegen\phantom-black\phantom-black_06_model_scene.png","D:\JF图库\_camelimage_upload_work\726BK05011_JF_imagegen\phantom-black\phantom-black_06_model_scene.jpg"
"D:\JF图库\8-28_JF商品图输出\726BK05011_JF_imagegen\shadow-gray\shadow-gray_01_hero_front.png","D:\JF图库\_camelimage_upload_work\726BK05011_JF_imagegen\shadow-gray\shadow-gray_01_hero_front.jpg"
"D:\JF图库\8-28_JF商品图输出\726BK05011_JF_imagegen\shadow-gray\shadow-gray_02_back_view.png","D:\JF图库\_camelimage_upload_work\726BK05011_JF_imagegen\shadow-gray\shadow-gray_02_back_view.jpg"
"D:\JF图库\8-28_JF商品图输出\726BK05011_JF_imagegen\shadow-gray\shadow-gray_04_function_detail_b.png","D:\JF图库\_camelimage_upload_work\726BK05011_JF_imagegen\shadow-gray\shadow-gray_04_function_detail_b.jpg"
"D:\JF图库\8-28_JF商品图输出\726BK05011_JF_imagegen\shadow-gray\shadow-gray_03_function_detail_a.png","D:\JF图库\_camelimage_upload_work\726BK05011_JF_imagegen\shadow-gray\shadow-gray_03_function_detail_a.jpg"
"D:\JF图库\8-28_JF商品图输出\726BK05011_JF_imagegen\shadow-gray\shadow-gray_07_color_swatch.png","D:\JF图库\_camelimage_upload_work\726BK05011_JF_imagegen\shadow-gray\shadow-gray_07_color_swatch.jpg"
"D:\JF图库\8-28_JF商品图输出\726BK05011_JF_imagegen\shadow-gray\shadow-gray_05_function_detail_c.png","D:\JF图库\_camelimage_upload_work\726BK05011_JF_imagegen\shadow-gray\shadow-gray_05_function_detail_c.jpg"
"D:\JF图库\8-28_JF商品图输出\736BK03032\dark_green_gray\dark_green_gray_02_back_view.png","D:\JF图库\_camelimage_upload_work\736BK03032\dark_green_gray\dark_green_gray_02_back_view.jpg"
"D:\JF图库\8-28_JF商品图输出\736BK03032\dark_green_gray\dark_green_gray_03_function_detail_a.png","D:\JF图库\_camelimage_upload_work\736BK03032\dark_green_gray\dark_green_gray_03_function_detail_a.jpg"
"D:\JF图库\8-28_JF商品图输出\736BK03032\dark_green_gray\dark_green_gray_01_hero_front.png","D:\JF图库\_camelimage_upload_work\736BK03032\dark_green_gray\dark_green_gray_01_hero_front.jpg"
"D:\JF图库\8-28_JF商品图输出\726BK05011_JF_imagegen\shadow-gray\shadow-gray_06_model_scene.png","D:\JF图库\_camelimage_upload_work\726BK05011_JF_imagegen\shadow-gray\shadow-gray_06_model_scene.jpg"
"D:\JF图库\8-28_JF商品图输出\736BK03032\dark_green_gray\dark_green_gray_07_color_swatch.png","D:\JF图库\_camelimage_upload_work\736BK03032\dark_green_gray\dark_green_gray_07_color_swatch.jpg"
"D:\JF图库\8-28_JF商品图输出\736BK03032\dark_green_gray\dark_green_gray_05_function_detail_c.png","D:\JF图库\_camelimage_upload_work\736BK03032\dark_green_gray\dark_green_gray_05_function_detail_c.jpg"
"D:\JF图库\8-28_JF商品图输出\736BK03032\dark_green_gray\dark_green_gray_06_model_scene.png","D:\JF图库\_camelimage_upload_work\736BK03032\dark_green_gray\dark_green_gray_06_model_scene.jpg"
"D:\JF图库\8-28_JF商品图输出\736BK03032\dark_green_gray\dark_green_gray_04_function_detail_b.png","D:\JF图库\_camelimage_upload_work\736BK03032\dark_green_gray\dark_green_gray_04_function_detail_b.jpg"
"D:\JF图库\8-28_JF商品图输出\736BK03032\desert_gray\desert_gray_01_hero_front.png","D:\JF图库\_camelimage_upload_work\736BK03032\desert_gray\desert_gray_01_hero_front.jpg"
"D:\JF图库\8-28_JF商品图输出\736BK03032\desert_gray\desert_gray_02_back_view.png","D:\JF图库\_camelimage_upload_work\736BK03032\desert_gray\desert_gray_02_back_view.jpg"
"D:\JF图库\8-28_JF商品图输出\736BK03032\desert_gray\desert_gray_03_function_detail_a.png","D:\JF图库\_camelimage_upload_work\736BK03032\desert_gray\desert_gray_03_function_detail_a.jpg"
"D:\JF图库\8-28_JF商品图输出\736BK03032\desert_gray\desert_gray_07_color_swatch.png","D:\JF图库\_camelimage_upload_work\736BK03032\desert_gray\desert_gray_07_color_swatch.jpg"
"D:\JF图库\8-28_JF商品图输出\736BK03032\desert_gray\desert_gray_04_function_detail_b.png","D:\JF图库\_camelimage_upload_work\736BK03032\desert_gray\desert_gray_04_function_detail_b.jpg"
"D:\JF图库\8-28_JF商品图输出\736BK03032\desert_gray\desert_gray_05_function_detail_c.png","D:\JF图库\_camelimage_upload_work\736BK03032\desert_gray\desert_gray_05_function_detail_c.jpg"
"D:\JF图库\8-28_JF商品图输出\736BK03032\desert_gray\desert_gray_06_model_scene.png","D:\JF图库\_camelimage_upload_work\736BK03032\desert_gray\desert_gray_06_model_scene.jpg"
"D:\JF图库\8-28_JF商品图输出\736BK03032\phantom_black\phantom_black_01_hero_front.png","D:\JF图库\_camelimage_upload_work\736BK03032\phantom_black\phantom_black_01_hero_front.jpg"
"D:\JF图库\8-28_JF商品图输出\736BK03032\phantom_black\phantom_black_02_back_view.png","D:\JF图库\_camelimage_upload_work\736BK03032\phantom_black\phantom_black_02_back_view.jpg"
"D:\JF图库\8-28_JF商品图输出\736BK03032\phantom_black\phantom_black_03_function_detail_a.png","D:\JF图库\_camelimage_upload_work\736BK03032\phantom_black\phantom_black_03_function_detail_a.jpg"
"D:\JF图库\8-28_JF商品图输出\736BK03032\phantom_black\phantom_black_04_function_detail_b.png","D:\JF图库\_camelimage_upload_work\736BK03032\phantom_black\phantom_black_04_function_detail_b.jpg"
"D:\JF图库\8-28_JF商品图输出\736BK03032\phantom_black\phantom_black_05_function_detail_c.png","D:\JF图库\_camelimage_upload_work\736BK03032\phantom_black\phantom_black_05_function_detail_c.jpg"
"D:\JF图库\8-28_JF商品图输出\736BK03032\phantom_black\phantom_black_07_color_swatch.png","D:\JF图库\_camelimage_upload_work\736BK03032\phantom_black\phantom_black_07_color_swatch.jpg"
"D:\JF图库\8-28_JF商品图输出\736BK03032\phantom_black\phantom_black_06_model_scene.png","D:\JF图库\_camelimage_upload_work\736BK03032\phantom_black\phantom_black_06_model_scene.jpg"
"D:\JF图库\8-28_JF商品图输出\A0W118153\light_frost_white\light_frost_white_01_hero_front.png","D:\JF图库\_camelimage_upload_work\A0W118153\light_frost_white\light_frost_white_01_hero_front.jpg"
"D:\JF图库\8-28_JF商品图输出\A0W118153\light_frost_white\light_frost_white_02_back_view.png","D:\JF图库\_camelimage_upload_work\A0W118153\light_frost_white\light_frost_white_02_back_view.jpg"
"D:\JF图库\8-28_JF商品图输出\A0W118153\light_frost_white\light_frost_white_04_function_detail_b.png","D:\JF图库\_camelimage_upload_work\A0W118153\light_frost_white\light_frost_white_04_function_detail_b.jpg"
"D:\JF图库\8-28_JF商品图输出\A0W118153\light_frost_white\light_frost_white_07_color_swatch.png","D:\JF图库\_camelimage_upload_work\A0W118153\light_frost_white\light_frost_white_07_color_swatch.jpg"
"D:\JF图库\8-28_JF商品图输出\A0W118153\light_frost_white\light_frost_white_03_function_detail_a.png","D:\JF图库\_camelimage_upload_work\A0W118153\light_frost_white\light_frost_white_03_function_detail_a.jpg"
"D:\JF图库\8-28_JF商品图输出\A0W118153\light_frost_white\light_frost_white_05_function_detail_c.png","D:\JF图库\_camelimage_upload_work\A0W118153\light_frost_white\light_frost_white_05_function_detail_c.jpg"
"D:\JF图库\8-28_JF商品图输出\A0W118153\light_frost_white\light_frost_white_06_model_scene.png","D:\JF图库\_camelimage_upload_work\A0W118153\light_frost_white\light_frost_white_06_model_scene.jpg"
"D:\JF图库\8-28_JF商品图输出\A0W118153\obsidian_black\obsidian_black_01_hero_front.png","D:\JF图库\_camelimage_upload_work\A0W118153\obsidian_black\obsidian_black_01_hero_front.jpg"
"D:\JF图库\8-28_JF商品图输出\A0W118153\obsidian_black\obsidian_black_02_back_view.png","D:\JF图库\_camelimage_upload_work\A0W118153\obsidian_black\obsidian_black_02_back_view.jpg"
"D:\JF图库\8-28_JF商品图输出\A0W118153\obsidian_black\obsidian_black_03_function_detail_a.png","D:\JF图库\_camelimage_upload_work\A0W118153\obsidian_black\obsidian_black_03_function_detail_a.jpg"
"D:\JF图库\8-28_JF商品图输出\A0W118153\obsidian_black\obsidian_black_04_function_detail_b.png","D:\JF图库\_camelimage_upload_work\A0W118153\obsidian_black\obsidian_black_04_function_detail_b.jpg"
"D:\JF图库\8-28_JF商品图输出\A0W118153\obsidian_black\obsidian_black_07_color_swatch.png","D:\JF图库\_camelimage_upload_work\A0W118153\obsidian_black\obsidian_black_07_color_swatch.jpg"
"D:\JF图库\8-28_JF商品图输出\A0W118153\obsidian_black\obsidian_black_05_function_detail_c.png","D:\JF图库\_camelimage_upload_work\A0W118153\obsidian_black\obsidian_black_05_function_detail_c.jpg"
"D:\JF图库\8-28_JF商品图输出\A0W118153\obsidian_black\obsidian_black_06_model_scene.png","D:\JF图库\_camelimage_upload_work\A0W118153\obsidian_black\obsidian_black_06_model_scene.jpg"
"D:\JF图库\8-28_JF商品图输出\A0W118153\sakura_gray_pink\sakura_gray_pink_01_hero_front.png","D:\JF图库\_camelimage_upload_work\A0W118153\sakura_gray_pink\sakura_gray_pink_01_hero_front.jpg"
"D:\JF图库\8-28_JF商品图输出\A0W118153\sakura_gray_pink\sakura_gray_pink_02_back_view.png","D:\JF图库\_camelimage_upload_work\A0W118153\sakura_gray_pink\sakura_gray_pink_02_back_view.jpg"
"D:\JF图库\8-28_JF商品图输出\A0W118153\sakura_gray_pink\sakura_gray_pink_03_function_detail_a.png","D:\JF图库\_camelimage_upload_work\A0W118153\sakura_gray_pink\sakura_gray_pink_03_function_detail_a.jpg"
"D:\JF图库\8-28_JF商品图输出\A0W118153\sakura_gray_pink\sakura_gray_pink_07_color_swatch.png","D:\JF图库\_camelimage_upload_work\A0W118153\sakura_gray_pink\sakura_gray_pink_07_color_swatch.jpg"
"D:\JF图库\8-28_JF商品图输出\A0W118153\sakura_gray_pink\sakura_gray_pink_04_function_detail_b.png","D:\JF图库\_camelimage_upload_work\A0W118153\sakura_gray_pink\sakura_gray_pink_04_function_detail_b.jpg"
"D:\JF图库\8-28_JF商品图输出\A0W118153\sakura_gray_pink\sakura_gray_pink_05_function_detail_c.png","D:\JF图库\_camelimage_upload_work\A0W118153\sakura_gray_pink\sakura_gray_pink_05_function_detail_c.jpg"
"D:\JF图库\8-28_JF商品图输出\A0W118153\sakura_gray_pink\sakura_gray_pink_06_model_scene.png","D:\JF图库\_camelimage_upload_work\A0W118153\sakura_gray_pink\sakura_gray_pink_06_model_scene.jpg"
"D:\JF图库\8-28_JF商品图输出\A0W118153\taro_purple\taro_purple_01_hero_front.png","D:\JF图库\_camelimage_upload_work\A0W118153\taro_purple\taro_purple_01_hero_front.jpg"
"D:\JF图库\8-28_JF商品图输出\A0W118153\taro_purple\taro_purple_02_back_view.png","D:\JF图库\_camelimage_upload_work\A0W118153\taro_purple\taro_purple_02_back_view.jpg"
"D:\JF图库\8-28_JF商品图输出\A0W118153\taro_purple\taro_purple_03_function_detail_a.png","D:\JF图库\_camelimage_upload_work\A0W118153\taro_purple\taro_purple_03_function_detail_a.jpg"
"D:\JF图库\8-28_JF商品图输出\A0W118153\taro_purple\taro_purple_07_color_swatch.png","D:\JF图库\_camelimage_upload_work\A0W118153\taro_purple\taro_purple_07_color_swatch.jpg"
"D:\JF图库\8-28_JF商品图输出\A0W118153\taro_purple\taro_purple_04_function_detail_b.png","D:\JF图库\_camelimage_upload_work\A0W118153\taro_purple\taro_purple_04_function_detail_b.jpg"
"D:\JF图库\8-28_JF商品图输出\A0W118153\taro_purple\taro_purple_05_function_detail_c.png","D:\JF图库\_camelimage_upload_work\A0W118153\taro_purple\taro_purple_05_function_detail_c.jpg"
"D:\JF图库\8-28_JF商品图输出\A0W118153\taro_purple\taro_purple_06_model_scene.png","D:\JF图库\_camelimage_upload_work\A0W118153\taro_purple\taro_purple_06_model_scene.jpg"
"D:\JF图库\8-28_JF商品图输出\A26BA18171\camellia_pink\camellia_pink_01_hero_front.png","D:\JF图库\_camelimage_upload_work\A26BA18171\camellia_pink\camellia_pink_01_hero_front.jpg"
"D:\JF图库\8-28_JF商品图输出\A26BA18171\camellia_pink\camellia_pink_02_back_view.png","D:\JF图库\_camelimage_upload_work\A26BA18171\camellia_pink\camellia_pink_02_back_view.jpg"
"D:\JF图库\8-28_JF商品图输出\A26BA18171\camellia_pink\camellia_pink_03_function_detail_a.png","D:\JF图库\_camelimage_upload_work\A26BA18171\camellia_pink\camellia_pink_03_function_detail_a.jpg"
"D:\JF图库\8-28_JF商品图输出\A26BA18171\camellia_pink\camellia_pink_04_function_detail_b.png","D:\JF图库\_camelimage_upload_work\A26BA18171\camellia_pink\camellia_pink_04_function_detail_b.jpg"
"D:\JF图库\8-28_JF商品图输出\A26BA18171\camellia_pink\camellia_pink_07_color_swatch.png","D:\JF图库\_camelimage_upload_work\A26BA18171\camellia_pink\camellia_pink_07_color_swatch.jpg"
"D:\JF图库\8-28_JF商品图输出\A26BA18171\camellia_pink\camellia_pink_05_function_detail_c.png","D:\JF图库\_camelimage_upload_work\A26BA18171\camellia_pink\camellia_pink_05_function_detail_c.jpg"
"D:\JF图库\8-28_JF商品图输出\A26BA18171\camellia_pink\camellia_pink_06_model_scene.png","D:\JF图库\_camelimage_upload_work\A26BA18171\camellia_pink\camellia_pink_06_model_scene.jpg"
"D:\JF图库\8-28_JF商品图输出\A26BA18171\oak_gray\oak_gray_02_back_view.png","D:\JF图库\_camelimage_upload_work\A26BA18171\oak_gray\oak_gray_02_back_view.jpg"
"D:\JF图库\8-28_JF商品图输出\A26BA18171\oak_gray\oak_gray_01_hero_front.png","D:\JF图库\_camelimage_upload_work\A26BA18171\oak_gray\oak_gray_01_hero_front.jpg"
"D:\JF图库\8-28_JF商品图输出\A26BA18171\oak_gray\oak_gray_03_function_detail_a.png","D:\JF图库\_camelimage_upload_work\A26BA18171\oak_gray\oak_gray_03_function_detail_a.jpg"
"D:\JF图库\8-28_JF商品图输出\A26BA18171\oak_gray\oak_gray_07_color_swatch.png","D:\JF图库\_camelimage_upload_work\A26BA18171\oak_gray\oak_gray_07_color_swatch.jpg"
"D:\JF图库\8-28_JF商品图输出\A26BA18171\oak_gray\oak_gray_04_function_detail_b.png","D:\JF图库\_camelimage_upload_work\A26BA18171\oak_gray\oak_gray_04_function_detail_b.jpg"
"D:\JF图库\8-28_JF商品图输出\A26BA18171\oak_gray\oak_gray_05_function_detail_c.png","D:\JF图库\_camelimage_upload_work\A26BA18171\oak_gray\oak_gray_05_function_detail_c.jpg"
"D:\JF图库\8-28_JF商品图输出\A26BA18171\oak_gray\oak_gray_06_model_scene.png","D:\JF图库\_camelimage_upload_work\A26BA18171\oak_gray\oak_gray_06_model_scene.jpg"
"D:\JF图库\8-28_JF商品图输出\A26BA18171\phantom_black\phantom_black_01_hero_front.png","D:\JF图库\_camelimage_upload_work\A26BA18171\phantom_black\phantom_black_01_hero_front.jpg"
"D:\JF图库\8-28_JF商品图输出\A26BA18171\phantom_black\phantom_black_02_back_view.png","D:\JF图库\_camelimage_upload_work\A26BA18171\phantom_black\phantom_black_02_back_view.jpg"
"D:\JF图库\8-28_JF商品图输出\A26BA18171\phantom_black\phantom_black_03_function_detail_a.png","D:\JF图库\_camelimage_upload_work\A26BA18171\phantom_black\phantom_black_03_function_detail_a.jpg"
"D:\JF图库\8-28_JF商品图输出\A26BA18171\phantom_black\phantom_black_07_color_swatch.png","D:\JF图库\_camelimage_upload_work\A26BA18171\phantom_black\phantom_black_07_color_swatch.jpg"
"D:\JF图库\8-28_JF商品图输出\A26BA18171\phantom_black\phantom_black_04_function_detail_b.png","D:\JF图库\_camelimage_upload_work\A26BA18171\phantom_black\phantom_black_04_function_detail_b.jpg"
"D:\JF图库\8-28_JF商品图输出\A26BA18171\phantom_black\phantom_black_05_function_detail_c.png","D:\JF图库\_camelimage_upload_work\A26BA18171\phantom_black\phantom_black_05_function_detail_c.jpg"
"D:\JF图库\8-28_JF商品图输出\A26BA18171\phantom_black\phantom_black_06_model_scene.png","D:\JF图库\_camelimage_upload_work\A26BA18171\phantom_black\phantom_black_06_model_scene.jpg"
"D:\JF图库\8-28_JF商品图输出\A26BZ19086\dark_green_gray\dark_green_gray_01_hero_front.png","D:\JF图库\_camelimage_upload_work\A26BZ19086\dark_green_gray\dark_green_gray_01_hero_front.jpg"
"D:\JF图库\8-28_JF商品图输出\A26BZ19086\dark_green_gray\dark_green_gray_02_back_view.png","D:\JF图库\_camelimage_upload_work\A26BZ19086\dark_green_gray\dark_green_gray_02_back_view.jpg"
"D:\JF图库\8-28_JF商品图输出\A26BZ19086\dark_green_gray\dark_green_gray_03_function_detail_a.png","D:\JF图库\_camelimage_upload_work\A26BZ19086\dark_green_gray\dark_green_gray_03_function_detail_a.jpg"
"D:\JF图库\8-28_JF商品图输出\A26BZ19086\dark_green_gray\dark_green_gray_07_color_swatch.png","D:\JF图库\_camelimage_upload_work\A26BZ19086\dark_green_gray\dark_green_gray_07_color_swatch.jpg"
"D:\JF图库\8-28_JF商品图输出\A26BZ19086\dark_green_gray\dark_green_gray_04_function_detail_b.png","D:\JF图库\_camelimage_upload_work\A26BZ19086\dark_green_gray\dark_green_gray_04_function_detail_b.jpg"
"D:\JF图库\8-28_JF商品图输出\A26BZ19086\dark_green_gray\dark_green_gray_05_function_detail_c.png","D:\JF图库\_camelimage_upload_work\A26BZ19086\dark_green_gray\dark_green_gray_05_function_detail_c.jpg"
"D:\JF图库\8-28_JF商品图输出\A26BZ19086\dark_green_gray\dark_green_gray_06_model_scene.png","D:\JF图库\_camelimage_upload_work\A26BZ19086\dark_green_gray\dark_green_gray_06_model_scene.jpg"
"D:\JF图库\8-28_JF商品图输出\A26BZ19086\hyacinth_purple\hyacinth_purple_01_hero_front.png","D:\JF图库\_camelimage_upload_work\A26BZ19086\hyacinth_purple\hyacinth_purple_01_hero_front.jpg"
"D:\JF图库\8-28_JF商品图输出\A26BZ19086\hyacinth_purple\hyacinth_purple_02_back_view.png","D:\JF图库\_camelimage_upload_work\A26BZ19086\hyacinth_purple\hyacinth_purple_02_back_view.jpg"
"D:\JF图库\8-28_JF商品图输出\A26BZ19086\hyacinth_purple\hyacinth_purple_03_function_detail_a.png","D:\JF图库\_camelimage_upload_work\A26BZ19086\hyacinth_purple\hyacinth_purple_03_function_detail_a.jpg"
"D:\JF图库\8-28_JF商品图输出\A26BZ19086\hyacinth_purple\hyacinth_purple_07_color_swatch.png","D:\JF图库\_camelimage_upload_work\A26BZ19086\hyacinth_purple\hyacinth_purple_07_color_swatch.jpg"
"D:\JF图库\8-28_JF商品图输出\A26BZ19086\hyacinth_purple\hyacinth_purple_04_function_detail_b.png","D:\JF图库\_camelimage_upload_work\A26BZ19086\hyacinth_purple\hyacinth_purple_04_function_detail_b.jpg"
"D:\JF图库\8-28_JF商品图输出\A26BZ19086\hyacinth_purple\hyacinth_purple_05_function_detail_c.png","D:\JF图库\_camelimage_upload_work\A26BZ19086\hyacinth_purple\hyacinth_purple_05_function_detail_c.jpg"
"D:\JF图库\8-28_JF商品图输出\A26BZ19086\hyacinth_purple\hyacinth_purple_06_model_scene.png","D:\JF图库\_camelimage_upload_work\A26BZ19086\hyacinth_purple\hyacinth_purple_06_model_scene.jpg"
"D:\JF图库\8-28_JF商品图输出\A26BZ19086\light_goose_yellow\light_goose_yellow_01_hero_front.png","D:\JF图库\_camelimage_upload_work\A26BZ19086\light_goose_yellow\light_goose_yellow_01_hero_front.jpg"
"D:\JF图库\8-28_JF商品图输出\A26BZ19086\light_goose_yellow\light_goose_yellow_02_back_view.png","D:\JF图库\_camelimage_upload_work\A26BZ19086\light_goose_yellow\light_goose_yellow_02_back_view.jpg"
"D:\JF图库\8-28_JF商品图输出\A26BZ19086\light_goose_yellow\light_goose_yellow_03_function_detail_a.png","D:\JF图库\_camelimage_upload_work\A26BZ19086\light_goose_yellow\light_goose_yellow_03_function_detail_a.jpg"
"D:\JF图库\8-28_JF商品图输出\A26BZ19086\light_goose_yellow\light_goose_yellow_07_color_swatch.png","D:\JF图库\_camelimage_upload_work\A26BZ19086\light_goose_yellow\light_goose_yellow_07_color_swatch.jpg"
"D:\JF图库\8-28_JF商品图输出\A26BZ19086\light_goose_yellow\light_goose_yellow_05_function_detail_c.png","D:\JF图库\_camelimage_upload_work\A26BZ19086\light_goose_yellow\light_goose_yellow_05_function_detail_c.jpg"
"D:\JF图库\8-28_JF商品图输出\A26BZ19086\light_goose_yellow\light_goose_yellow_04_function_detail_b.png","D:\JF图库\_camelimage_upload_work\A26BZ19086\light_goose_yellow\light_goose_yellow_04_function_detail_b.jpg"
"D:\JF图库\8-28_JF商品图输出\A26BZ19086\light_goose_yellow\light_goose_yellow_06_model_scene.png","D:\JF图库\_camelimage_upload_work\A26BZ19086\light_goose_yellow\light_goose_yellow_06_model_scene.jpg"
"D:\JF图库\8-28_JF商品图输出\A26BZ19086\oak_gray\oak_gray_01_hero_front.png","D:\JF图库\_camelimage_upload_work\A26BZ19086\oak_gray\oak_gray_01_hero_front.jpg"
"D:\JF图库\8-28_JF商品图输出\A26BZ19086\oak_gray\oak_gray_03_function_detail_a.png","D:\JF图库\_camelimage_upload_work\A26BZ19086\oak_gray\oak_gray_03_function_detail_a.jpg"
"D:\JF图库\8-28_JF商品图输出\A26BZ19086\oak_gray\oak_gray_02_back_view.png","D:\JF图库\_camelimage_upload_work\A26BZ19086\oak_gray\oak_gray_02_back_view.jpg"
"D:\JF图库\8-28_JF商品图输出\A26BZ19086\oak_gray\oak_gray_07_color_swatch.png","D:\JF图库\_camelimage_upload_work\A26BZ19086\oak_gray\oak_gray_07_color_swatch.jpg"
"D:\JF图库\8-28_JF商品图输出\A26BZ19086\oak_gray\oak_gray_05_function_detail_c.png","D:\JF图库\_camelimage_upload_work\A26BZ19086\oak_gray\oak_gray_05_function_detail_c.jpg"
"D:\JF图库\8-28_JF商品图输出\A26BZ19086\oak_gray\oak_gray_04_function_detail_b.png","D:\JF图库\_camelimage_upload_work\A26BZ19086\oak_gray\oak_gray_04_function_detail_b.jpg"
"D:\JF图库\8-28_JF商品图输出\A26BZ19086\oak_gray\oak_gray_06_model_scene.png","D:\JF图库\_camelimage_upload_work\A26BZ19086\oak_gray\oak_gray_06_model_scene.jpg"
"D:\JF图库\8-28_JF商品图输出\A26BZ19086\phantom_black\phantom_black_01_hero_front.png","D:\JF图库\_camelimage_upload_work\A26BZ19086\phantom_black\phantom_black_01_hero_front.jpg"
"D:\JF图库\8-28_JF商品图输出\A26BZ19086\phantom_black\phantom_black_02_back_view.png","D:\JF图库\_camelimage_upload_work\A26BZ19086\phantom_black\phantom_black_02_back_view.jpg"
"D:\JF图库\8-28_JF商品图输出\A26BZ19086\phantom_black\phantom_black_03_function_detail_a.png","D:\JF图库\_camelimage_upload_work\A26BZ19086\phantom_black\phantom_black_03_function_detail_a.jpg"
"D:\JF图库\8-28_JF商品图输出\A26BZ19086\phantom_black\phantom_black_07_color_swatch.png","D:\JF图库\_camelimage_upload_work\A26BZ19086\phantom_black\phantom_black_07_color_swatch.jpg"
"D:\JF图库\8-28_JF商品图输出\A26BZ19086\phantom_black\phantom_black_04_function_detail_b.png","D:\JF图库\_camelimage_upload_work\A26BZ19086\phantom_black\phantom_black_04_function_detail_b.jpg"
"D:\JF图库\8-28_JF商品图输出\A26BZ19086\phantom_black\phantom_black_05_function_detail_c.png","D:\JF图库\_camelimage_upload_work\A26BZ19086\phantom_black\phantom_black_05_function_detail_c.jpg"
"D:\JF图库\8-28_JF商品图输出\A26BZ19086\phantom_black\phantom_black_06_model_scene.png","D:\JF图库\_camelimage_upload_work\A26BZ19086\phantom_black\phantom_black_06_model_scene.jpg"
"D:\JF图库\8-28_JF商品图输出\C16BA66044B\boundless_white\boundless_white_01_hero_front.png","D:\JF图库\_camelimage_upload_work\C16BA66044B\boundless_white\boundless_white_01_hero_front.jpg"
"D:\JF图库\8-28_JF商品图输出\C16BA66044B\boundless_white\boundless_white_02_back_view.png","D:\JF图库\_camelimage_upload_work\C16BA66044B\boundless_white\boundless_white_02_back_view.jpg"
"D:\JF图库\8-28_JF商品图输出\C16BA66044B\boundless_white\boundless_white_03_function_detail_a.png","D:\JF图库\_camelimage_upload_work\C16BA66044B\boundless_white\boundless_white_03_function_detail_a.jpg"
"D:\JF图库\8-28_JF商品图输出\C16BA66044B\boundless_white\boundless_white_07_color_swatch.png","D:\JF图库\_camelimage_upload_work\C16BA66044B\boundless_white\boundless_white_07_color_swatch.jpg"
"D:\JF图库\8-28_JF商品图输出\C16BA66044B\boundless_white\boundless_white_04_function_detail_b.png","D:\JF图库\_camelimage_upload_work\C16BA66044B\boundless_white\boundless_white_04_function_detail_b.jpg"
"D:\JF图库\8-28_JF商品图输出\C16BA66044B\boundless_white\boundless_white_05_function_detail_c.png","D:\JF图库\_camelimage_upload_work\C16BA66044B\boundless_white\boundless_white_05_function_detail_c.jpg"
"D:\JF图库\8-28_JF商品图输出\C16BA66044B\boundless_white\boundless_white_06_model_scene.png","D:\JF图库\_camelimage_upload_work\C16BA66044B\boundless_white\boundless_white_06_model_scene.jpg"
"D:\JF图库\8-28_JF商品图输出\C16BA66044B\carbon_gray\carbon_gray_01_hero_front.png","D:\JF图库\_camelimage_upload_work\C16BA66044B\carbon_gray\carbon_gray_01_hero_front.jpg"
"D:\JF图库\8-28_JF商品图输出\C16BA66044B\carbon_gray\carbon_gray_02_back_view.png","D:\JF图库\_camelimage_upload_work\C16BA66044B\carbon_gray\carbon_gray_02_back_view.jpg"
"D:\JF图库\8-28_JF商品图输出\C16BA66044B\carbon_gray\carbon_gray_03_function_detail_a.png","D:\JF图库\_camelimage_upload_work\C16BA66044B\carbon_gray\carbon_gray_03_function_detail_a.jpg"
"D:\JF图库\8-28_JF商品图输出\C16BA66044B\carbon_gray\carbon_gray_07_color_swatch.png","D:\JF图库\_camelimage_upload_work\C16BA66044B\carbon_gray\carbon_gray_07_color_swatch.jpg"
"D:\JF图库\8-28_JF商品图输出\C16BA66044B\carbon_gray\carbon_gray_04_function_detail_b.png","D:\JF图库\_camelimage_upload_work\C16BA66044B\carbon_gray\carbon_gray_04_function_detail_b.jpg"
"D:\JF图库\8-28_JF商品图输出\C16BA66044B\carbon_gray\carbon_gray_05_function_detail_c.png","D:\JF图库\_camelimage_upload_work\C16BA66044B\carbon_gray\carbon_gray_05_function_detail_c.jpg"
"D:\JF图库\8-28_JF商品图输出\C16BA66044B\carbon_gray\carbon_gray_06_model_scene.png","D:\JF图库\_camelimage_upload_work\C16BA66044B\carbon_gray\carbon_gray_06_model_scene.jpg"
"D:\JF图库\8-28_JF商品图输出\C16BA66044B\phantom_black\phantom_black_01_hero_front.png","D:\JF图库\_camelimage_upload_work\C16BA66044B\phantom_black\phantom_black_01_hero_front.jpg"
"D:\JF图库\8-28_JF商品图输出\C16BA66044B\phantom_black\phantom_black_03_function_detail_a.png","D:\JF图库\_camelimage_upload_work\C16BA66044B\phantom_black\phantom_black_03_function_detail_a.jpg"
"D:\JF图库\8-28_JF商品图输出\C16BA66044B\phantom_black\phantom_black_04_function_detail_b.png","D:\JF图库\_camelimage_upload_work\C16BA66044B\phantom_black\phantom_black_04_function_detail_b.jpg"
"D:\JF图库\8-28_JF商品图输出\C16BA66044B\phantom_black\phantom_black_02_back_view.png","D:\JF图库\_camelimage_upload_work\C16BA66044B\phantom_black\phantom_black_02_back_view.jpg"
"D:\JF图库\8-28_JF商品图输出\C16BA66044B\phantom_black\phantom_black_07_color_swatch.png","D:\JF图库\_camelimage_upload_work\C16BA66044B\phantom_black\phantom_black_07_color_swatch.jpg"
"D:\JF图库\8-28_JF商品图输出\C16BA66044B\phantom_black\phantom_black_05_function_detail_c.png","D:\JF图库\_camelimage_upload_work\C16BA66044B\phantom_black\phantom_black_05_function_detail_c.jpg"
"D:\JF图库\8-28_JF商品图输出\C16BA66044B\phantom_black\phantom_black_06_model_scene.png","D:\JF图库\_camelimage_upload_work\C16BA66044B\phantom_black\phantom_black_06_model_scene.jpg"
"D:\JF图库\8-28_JF商品图输出\C24CA66619\lavender_purple\lavender_purple_01_hero_front.png","D:\JF图库\_camelimage_upload_work\C24CA66619\lavender_purple\lavender_purple_01_hero_front.jpg"
"D:\JF图库\8-28_JF商品图输出\C24CA66619\lavender_purple\lavender_purple_02_back_view.png","D:\JF图库\_camelimage_upload_work\C24CA66619\lavender_purple\lavender_purple_02_back_view.jpg"
"D:\JF图库\8-28_JF商品图输出\C24CA66619\lavender_purple\lavender_purple_03_function_detail_a.png","D:\JF图库\_camelimage_upload_work\C24CA66619\lavender_purple\lavender_purple_03_function_detail_a.jpg"
"D:\JF图库\8-28_JF商品图输出\C24CA66619\lavender_purple\lavender_purple_04_function_detail_b.png","D:\JF图库\_camelimage_upload_work\C24CA66619\lavender_purple\lavender_purple_04_function_detail_b.jpg"
"D:\JF图库\8-28_JF商品图输出\C24CA66619\lavender_purple\lavender_purple_05_function_detail_c.png","D:\JF图库\_camelimage_upload_work\C24CA66619\lavender_purple\lavender_purple_05_function_detail_c.jpg"
"D:\JF图库\8-28_JF商品图输出\C24CA66619\lavender_purple\lavender_purple_07_color_swatch.png","D:\JF图库\_camelimage_upload_work\C24CA66619\lavender_purple\lavender_purple_07_color_swatch.jpg"
"D:\JF图库\8-28_JF商品图输出\C24CA66619\lavender_purple\lavender_purple_06_model_scene.png","D:\JF图库\_camelimage_upload_work\C24CA66619\lavender_purple\lavender_purple_06_model_scene.jpg"
"D:\JF图库\8-28_JF商品图输出\C24CA66619\light_khaki\light_khaki_01_hero_front.png","D:\JF图库\_camelimage_upload_work\C24CA66619\light_khaki\light_khaki_01_hero_front.jpg"
"D:\JF图库\8-28_JF商品图输出\C24CA66619\light_khaki\light_khaki_02_back_view.png","D:\JF图库\_camelimage_upload_work\C24CA66619\light_khaki\light_khaki_02_back_view.jpg"
"D:\JF图库\8-28_JF商品图输出\C24CA66619\light_khaki\light_khaki_03_function_detail_a.png","D:\JF图库\_camelimage_upload_work\C24CA66619\light_khaki\light_khaki_03_function_detail_a.jpg"
"D:\JF图库\8-28_JF商品图输出\C24CA66619\light_khaki\light_khaki_07_color_swatch.png","D:\JF图库\_camelimage_upload_work\C24CA66619\light_khaki\light_khaki_07_color_swatch.jpg"
"D:\JF图库\8-28_JF商品图输出\C24CA66619\light_khaki\light_khaki_04_function_detail_b.png","D:\JF图库\_camelimage_upload_work\C24CA66619\light_khaki\light_khaki_04_function_detail_b.jpg"
"D:\JF图库\8-28_JF商品图输出\C24CA66619\light_khaki\light_khaki_05_function_detail_c.png","D:\JF图库\_camelimage_upload_work\C24CA66619\light_khaki\light_khaki_05_function_detail_c.jpg"
"D:\JF图库\8-28_JF商品图输出\C24CA66619\light_khaki\light_khaki_06_model_scene.png","D:\JF图库\_camelimage_upload_work\C24CA66619\light_khaki\light_khaki_06_model_scene.jpg"
"D:\JF图库\8-28_JF商品图输出\C24CA66619\mountain_gray\mountain_gray_01_hero_front.png","D:\JF图库\_camelimage_upload_work\C24CA66619\mountain_gray\mountain_gray_01_hero_front.jpg"
"D:\JF图库\8-28_JF商品图输出\C24CA66619\mountain_gray\mountain_gray_02_back_view.png","D:\JF图库\_camelimage_upload_work\C24CA66619\mountain_gray\mountain_gray_02_back_view.jpg"
"D:\JF图库\8-28_JF商品图输出\C24CA66619\mountain_gray\mountain_gray_03_function_detail_a.png","D:\JF图库\_camelimage_upload_work\C24CA66619\mountain_gray\mountain_gray_03_function_detail_a.jpg"
"D:\JF图库\8-28_JF商品图输出\C24CA66619\mountain_gray\mountain_gray_04_function_detail_b.png","D:\JF图库\_camelimage_upload_work\C24CA66619\mountain_gray\mountain_gray_04_function_detail_b.jpg"
"D:\JF图库\8-28_JF商品图输出\C24CA66619\mountain_gray\mountain_gray_07_color_swatch.png","D:\JF图库\_camelimage_upload_work\C24CA66619\mountain_gray\mountain_gray_07_color_swatch.jpg"
"D:\JF图库\8-28_JF商品图输出\C24CA66619\mountain_gray\mountain_gray_05_function_detail_c.png","D:\JF图库\_camelimage_upload_work\C24CA66619\mountain_gray\mountain_gray_05_function_detail_c.jpg"
"D:\JF图库\8-28_JF商品图输出\C24CA66619\mountain_gray\mountain_gray_06_model_scene.png","D:\JF图库\_camelimage_upload_work\C24CA66619\mountain_gray\mountain_gray_06_model_scene.jpg"
"D:\JF图库\8-28_JF商品图输出\C24CA66619\phantom_black\phantom_black_01_hero_front.png","D:\JF图库\_camelimage_upload_work\C24CA66619\phantom_black\phantom_black_01_hero_front.jpg"
"D:\JF图库\8-28_JF商品图输出\C24CA66619\phantom_black\phantom_black_02_back_view.png","D:\JF图库\_camelimage_upload_work\C24CA66619\phantom_black\phantom_black_02_back_view.jpg"
"D:\JF图库\8-28_JF商品图输出\C24CA66619\phantom_black\phantom_black_03_function_detail_a.png","D:\JF图库\_camelimage_upload_work\C24CA66619\phantom_black\phantom_black_03_function_detail_a.jpg"
"D:\JF图库\8-28_JF商品图输出\C24CA66619\phantom_black\phantom_black_04_function_detail_b.png","D:\JF图库\_camelimage_upload_work\C24CA66619\phantom_black\phantom_black_04_function_detail_b.jpg"
"D:\JF图库\8-28_JF商品图输出\C24CA66619\phantom_black\phantom_black_07_color_swatch.png","D:\JF图库\_camelimage_upload_work\C24CA66619\phantom_black\phantom_black_07_color_swatch.jpg"
"D:\JF图库\8-28_JF商品图输出\C24CA66619\phantom_black\phantom_black_05_function_detail_c.png","D:\JF图库\_camelimage_upload_work\C24CA66619\phantom_black\phantom_black_05_function_detail_c.jpg"
"D:\JF图库\8-28_JF商品图输出\C24CA66619\phantom_black\phantom_black_06_model_scene.png","D:\JF图库\_camelimage_upload_work\C24CA66619\phantom_black\phantom_black_06_model_scene.jpg"
"D:\JF图库\8-28_JF商品图输出\C25BARG057A\lavender_purple\lavender_purple_02_back_view.png","D:\JF图库\_camelimage_upload_work\C25BARG057A\lavender_purple\lavender_purple_02_back_view.jpg"
"D:\JF图库\8-28_JF商品图输出\C25BARG057A\lavender_purple\lavender_purple_01_hero_front.png","D:\JF图库\_camelimage_upload_work\C25BARG057A\lavender_purple\lavender_purple_01_hero_front.jpg"
"D:\JF图库\8-28_JF商品图输出\C25BARG057A\lavender_purple\lavender_purple_03_function_detail_a.png","D:\JF图库\_camelimage_upload_work\C25BARG057A\lavender_purple\lavender_purple_03_function_detail_a.jpg"
"D:\JF图库\8-28_JF商品图输出\C25BARG057A\lavender_purple\lavender_purple_07_color_swatch.png","D:\JF图库\_camelimage_upload_work\C25BARG057A\lavender_purple\lavender_purple_07_color_swatch.jpg"
"D:\JF图库\8-28_JF商品图输出\C25BARG057A\lavender_purple\lavender_purple_04_function_detail_b.png","D:\JF图库\_camelimage_upload_work\C25BARG057A\lavender_purple\lavender_purple_04_function_detail_b.jpg"
"D:\JF图库\8-28_JF商品图输出\C25BARG057A\lavender_purple\lavender_purple_06_model_scene.png","D:\JF图库\_camelimage_upload_work\C25BARG057A\lavender_purple\lavender_purple_06_model_scene.jpg"
"D:\JF图库\8-28_JF商品图输出\C25BARG057A\lavender_purple\lavender_purple_05_function_detail_c.png","D:\JF图库\_camelimage_upload_work\C25BARG057A\lavender_purple\lavender_purple_05_function_detail_c.jpg"
"D:\JF图库\8-28_JF商品图输出\C25BARG057A\oak_gray\oak_gray_01_hero_front.png","D:\JF图库\_camelimage_upload_work\C25BARG057A\oak_gray\oak_gray_01_hero_front.jpg"
"D:\JF图库\8-28_JF商品图输出\C25BARG057A\oak_gray\oak_gray_02_back_view.png","D:\JF图库\_camelimage_upload_work\C25BARG057A\oak_gray\oak_gray_02_back_view.jpg"
"D:\JF图库\8-28_JF商品图输出\C25BARG057A\oak_gray\oak_gray_03_function_detail_a.png","D:\JF图库\_camelimage_upload_work\C25BARG057A\oak_gray\oak_gray_03_function_detail_a.jpg"
"D:\JF图库\8-28_JF商品图输出\C25BARG057A\oak_gray\oak_gray_04_function_detail_b.png","D:\JF图库\_camelimage_upload_work\C25BARG057A\oak_gray\oak_gray_04_function_detail_b.jpg"
"D:\JF图库\8-28_JF商品图输出\C25BARG057A\oak_gray\oak_gray_07_color_swatch.png","D:\JF图库\_camelimage_upload_work\C25BARG057A\oak_gray\oak_gray_07_color_swatch.jpg"
"D:\JF图库\8-28_JF商品图输出\C25BARG057A\oak_gray\oak_gray_05_function_detail_c.png","D:\JF图库\_camelimage_upload_work\C25BARG057A\oak_gray\oak_gray_05_function_detail_c.jpg"
"D:\JF图库\8-28_JF商品图输出\C25BARG057A\oak_gray\oak_gray_06_model_scene.png","D:\JF图库\_camelimage_upload_work\C25BARG057A\oak_gray\oak_gray_06_model_scene.jpg"
"D:\JF图库\8-28_JF商品图输出\C25BARG057A\phantom_black\phantom_black_01_hero_front.png","D:\JF图库\_camelimage_upload_work\C25BARG057A\phantom_black\phantom_black_01_hero_front.jpg"
"D:\JF图库\8-28_JF商品图输出\C25BARG057A\phantom_black\phantom_black_02_back_view.png","D:\JF图库\_camelimage_upload_work\C25BARG057A\phantom_black\phantom_black_02_back_view.jpg"
"D:\JF图库\8-28_JF商品图输出\C25BARG057A\phantom_black\phantom_black_03_function_detail_a.png","D:\JF图库\_camelimage_upload_work\C25BARG057A\phantom_black\phantom_black_03_function_detail_a.jpg"
"D:\JF图库\8-28_JF商品图输出\C25BARG057A\phantom_black\phantom_black_07_color_swatch.png","D:\JF图库\_camelimage_upload_work\C25BARG057A\phantom_black\phantom_black_07_color_swatch.jpg"
"D:\JF图库\8-28_JF商品图输出\C25BARG057A\phantom_black\phantom_black_04_function_detail_b.png","D:\JF图库\_camelimage_upload_work\C25BARG057A\phantom_black\phantom_black_04_function_detail_b.jpg"
"D:\JF图库\8-28_JF商品图输出\C25BARG057A\phantom_black\phantom_black_05_function_detail_c.png","D:\JF图库\_camelimage_upload_work\C25BARG057A\phantom_black\phantom_black_05_function_detail_c.jpg"
"D:\JF图库\8-28_JF商品图输出\C26BA66007\dream_pink\dream_pink_01_hero_front.png","D:\JF图库\_camelimage_upload_work\C26BA66007\dream_pink\dream_pink_01_hero_front.jpg"
"D:\JF图库\8-28_JF商品图输出\C25BARG057A\phantom_black\phantom_black_06_model_scene.png","D:\JF图库\_camelimage_upload_work\C25BARG057A\phantom_black\phantom_black_06_model_scene.jpg"
"D:\JF图库\8-28_JF商品图输出\C26BA66007\dream_pink\dream_pink_02_back_view.png","D:\JF图库\_camelimage_upload_work\C26BA66007\dream_pink\dream_pink_02_back_view.jpg"
"D:\JF图库\8-28_JF商品图输出\C26BA66007\dream_pink\dream_pink_03_function_detail_a.png","D:\JF图库\_camelimage_upload_work\C26BA66007\dream_pink\dream_pink_03_function_detail_a.jpg"
"D:\JF图库\8-28_JF商品图输出\C26BA66007\dream_pink\dream_pink_07_color_swatch.png","D:\JF图库\_camelimage_upload_work\C26BA66007\dream_pink\dream_pink_07_color_swatch.jpg"
"D:\JF图库\8-28_JF商品图输出\C26BA66007\dream_pink\dream_pink_04_function_detail_b.png","D:\JF图库\_camelimage_upload_work\C26BA66007\dream_pink\dream_pink_04_function_detail_b.jpg"
"D:\JF图库\8-28_JF商品图输出\C26BA66007\dream_pink\dream_pink_05_function_detail_c.png","D:\JF图库\_camelimage_upload_work\C26BA66007\dream_pink\dream_pink_05_function_detail_c.jpg"
"D:\JF图库\8-28_JF商品图输出\C26BA66007\dream_pink\dream_pink_06_model_scene.png","D:\JF图库\_camelimage_upload_work\C26BA66007\dream_pink\dream_pink_06_model_scene.jpg"
"D:\JF图库\8-28_JF商品图输出\C26BA66007\light_khaki\light_khaki_01_hero_front.png","D:\JF图库\_camelimage_upload_work\C26BA66007\light_khaki\light_khaki_01_hero_front.jpg"
"D:\JF图库\8-28_JF商品图输出\C26BA66007\light_khaki\light_khaki_02_back_view.png","D:\JF图库\_camelimage_upload_work\C26BA66007\light_khaki\light_khaki_02_back_view.jpg"
"D:\JF图库\8-28_JF商品图输出\C26BA66007\light_khaki\light_khaki_03_function_detail_a.png","D:\JF图库\_camelimage_upload_work\C26BA66007\light_khaki\light_khaki_03_function_detail_a.jpg"
"D:\JF图库\8-28_JF商品图输出\C26BA66007\light_khaki\light_khaki_07_color_swatch.png","D:\JF图库\_camelimage_upload_work\C26BA66007\light_khaki\light_khaki_07_color_swatch.jpg"
"D:\JF图库\8-28_JF商品图输出\C26BA66007\light_khaki\light_khaki_04_function_detail_b.png","D:\JF图库\_camelimage_upload_work\C26BA66007\light_khaki\light_khaki_04_function_detail_b.jpg"
"D:\JF图库\8-28_JF商品图输出\C26BA66007\light_khaki\light_khaki_05_function_detail_c.png","D:\JF图库\_camelimage_upload_work\C26BA66007\light_khaki\light_khaki_05_function_detail_c.jpg"
"D:\JF图库\8-28_JF商品图输出\C26BA66007\light_khaki\light_khaki_06_model_scene.png","D:\JF图库\_camelimage_upload_work\C26BA66007\light_khaki\light_khaki_06_model_scene.jpg"
"D:\JF图库\8-28_JF商品图输出\C26BA66007\phantom_black\phantom_black_01_hero_front.png","D:\JF图库\_camelimage_upload_work\C26BA66007\phantom_black\phantom_black_01_hero_front.jpg"
"D:\JF图库\8-28_JF商品图输出\C26BA66007\phantom_black\phantom_black_02_back_view.png","D:\JF图库\_camelimage_upload_work\C26BA66007\phantom_black\phantom_black_02_back_view.jpg"
"D:\JF图库\8-28_JF商品图输出\C26BA66007\phantom_black\phantom_black_03_function_detail_a.png","D:\JF图库\_camelimage_upload_work\C26BA66007\phantom_black\phantom_black_03_function_detail_a.jpg"
"D:\JF图库\8-28_JF商品图输出\C26BA66007\phantom_black\phantom_black_07_color_swatch.png","D:\JF图库\_camelimage_upload_work\C26BA66007\phantom_black\phantom_black_07_color_swatch.jpg"
"D:\JF图库\8-28_JF商品图输出\C26BA66007\phantom_black\phantom_black_04_function_detail_b.png","D:\JF图库\_camelimage_upload_work\C26BA66007\phantom_black\phantom_black_04_function_detail_b.jpg"
"D:\JF图库\8-28_JF商品图输出\C26BA66007\phantom_black\phantom_black_05_function_detail_c.png","D:\JF图库\_camelimage_upload_work\C26BA66007\phantom_black\phantom_black_05_function_detail_c.jpg"
"D:\JF图库\8-28_JF商品图输出\C26BA66007\phantom_black\phantom_black_06_model_scene.png","D:\JF图库\_camelimage_upload_work\C26BA66007\phantom_black\phantom_black_06_model_scene.jpg"
"D:\JF图库\8-28_JF商品图输出\C26CA66024\oak_gray\oak_gray_01_hero_front.png","D:\JF图库\_camelimage_upload_work\C26CA66024\oak_gray\oak_gray_01_hero_front.jpg"
"D:\JF图库\8-28_JF商品图输出\C26CA66024\oak_gray\oak_gray_03_function_detail_a.png","D:\JF图库\_camelimage_upload_work\C26CA66024\oak_gray\oak_gray_03_function_detail_a.jpg"
"D:\JF图库\8-28_JF商品图输出\C26CA66024\oak_gray\oak_gray_02_back_view.png","D:\JF图库\_camelimage_upload_work\C26CA66024\oak_gray\oak_gray_02_back_view.jpg"
"D:\JF图库\8-28_JF商品图输出\C26CA66024\oak_gray\oak_gray_04_function_detail_b.png","D:\JF图库\_camelimage_upload_work\C26CA66024\oak_gray\oak_gray_04_function_detail_b.jpg"
"D:\JF图库\8-28_JF商品图输出\C26CA66024\oak_gray\oak_gray_07_color_swatch.png","D:\JF图库\_camelimage_upload_work\C26CA66024\oak_gray\oak_gray_07_color_swatch.jpg"
"D:\JF图库\8-28_JF商品图输出\C26CA66024\oak_gray\oak_gray_05_function_detail_c.png","D:\JF图库\_camelimage_upload_work\C26CA66024\oak_gray\oak_gray_05_function_detail_c.jpg"
"D:\JF图库\8-28_JF商品图输出\C26CA66024\oak_gray\oak_gray_06_model_scene.png","D:\JF图库\_camelimage_upload_work\C26CA66024\oak_gray\oak_gray_06_model_scene.jpg"
"D:\JF图库\8-28_JF商品图输出\C26CA66024\phantom_black\phantom_black_01_hero_front.png","D:\JF图库\_camelimage_upload_work\C26CA66024\phantom_black\phantom_black_01_hero_front.jpg"
"D:\JF图库\8-28_JF商品图输出\C26CA66024\phantom_black\phantom_black_02_back_view.png","D:\JF图库\_camelimage_upload_work\C26CA66024\phantom_black\phantom_black_02_back_view.jpg"
"D:\JF图库\8-28_JF商品图输出\C26CA66024\phantom_black\phantom_black_03_function_detail_a.png","D:\JF图库\_camelimage_upload_work\C26CA66024\phantom_black\phantom_black_03_function_detail_a.jpg"
"D:\JF图库\8-28_JF商品图输出\C26CA66024\phantom_black\phantom_black_07_color_swatch.png","D:\JF图库\_camelimage_upload_work\C26CA66024\phantom_black\phantom_black_07_color_swatch.jpg"
"D:\JF图库\8-28_JF商品图输出\C26CA66024\phantom_black\phantom_black_04_function_detail_b.png","D:\JF图库\_camelimage_upload_work\C26CA66024\phantom_black\phantom_black_04_function_detail_b.jpg"
"D:\JF图库\8-28_JF商品图输出\C26CA66024\phantom_black\phantom_black_06_model_scene.png","D:\JF图库\_camelimage_upload_work\C26CA66024\phantom_black\phantom_black_06_model_scene.jpg"
"D:\JF图库\8-28_JF商品图输出\C26CA66024\phantom_black\phantom_black_05_function_detail_c.png","D:\JF图库\_camelimage_upload_work\C26CA66024\phantom_black\phantom_black_05_function_detail_c.jpg"
"D:\JF图库\8-28_JF商品图输出\C26CA66024\ridge_forest_purple\ridge_forest_purple_01_hero_front.png","D:\JF图库\_camelimage_upload_work\C26CA66024\ridge_forest_purple\ridge_forest_purple_01_hero_front.jpg"
"D:\JF图库\8-28_JF商品图输出\C26CA66024\ridge_forest_purple\ridge_forest_purple_02_back_view.png","D:\JF图库\_camelimage_upload_work\C26CA66024\ridge_forest_purple\ridge_forest_purple_02_back_view.jpg"
"D:\JF图库\8-28_JF商品图输出\C26CA66024\ridge_forest_purple\ridge_forest_purple_03_function_detail_a.png","D:\JF图库\_camelimage_upload_work\C26CA66024\ridge_forest_purple\ridge_forest_purple_03_function_detail_a.jpg"
"D:\JF图库\8-28_JF商品图输出\C26CA66024\ridge_forest_purple\ridge_forest_purple_04_function_detail_b.png","D:\JF图库\_camelimage_upload_work\C26CA66024\ridge_forest_purple\ridge_forest_purple_04_function_detail_b.jpg"
"D:\JF图库\8-28_JF商品图输出\C26CA66024\ridge_forest_purple\ridge_forest_purple_07_color_swatch.png","D:\JF图库\_camelimage_upload_work\C26CA66024\ridge_forest_purple\ridge_forest_purple_07_color_swatch.jpg"
"D:\JF图库\8-28_JF商品图输出\C26CA66024\ridge_forest_purple\ridge_forest_purple_05_function_detail_c.png","D:\JF图库\_camelimage_upload_work\C26CA66024\ridge_forest_purple\ridge_forest_purple_05_function_detail_c.jpg"
"D:\JF图库\8-28_JF商品图输出\C26CA66024\ridge_forest_purple\ridge_forest_purple_06_model_scene.png","D:\JF图库\_camelimage_upload_work\C26CA66024\ridge_forest_purple\ridge_forest_purple_06_model_scene.jpg"
"D:\JF图库\8-28_JF商品图输出\J0S1U8125-2\black\black_01_hero_front.png","D:\JF图库\_camelimage_upload_work\J0S1U8125-2\black\black_01_hero_front.jpg"
"D:\JF图库\8-28_JF商品图输出\J0S1U8125-2\black\black_02_back_view.png","D:\JF图库\_camelimage_upload_work\J0S1U8125-2\black\black_02_back_view.jpg"
"D:\JF图库\8-28_JF商品图输出\J0S1U8125-2\black\black_03_function_detail_a.png","D:\JF图库\_camelimage_upload_work\J0S1U8125-2\black\black_03_function_detail_a.jpg"
"D:\JF图库\8-28_JF商品图输出\J0S1U8125-2\black\black_07_color_swatch.png","D:\JF图库\_camelimage_upload_work\J0S1U8125-2\black\black_07_color_swatch.jpg"
"D:\JF图库\8-28_JF商品图输出\J0S1U8125-2\black\black_05_function_detail_c.png","D:\JF图库\_camelimage_upload_work\J0S1U8125-2\black\black_05_function_detail_c.jpg"
"D:\JF图库\8-28_JF商品图输出\J0S1U8125-2\black\black_04_function_detail_b.png","D:\JF图库\_camelimage_upload_work\J0S1U8125-2\black\black_04_function_detail_b.jpg"
"D:\JF图库\8-28_JF商品图输出\J0S1U8125-2\black\black_06_model_scene.png","D:\JF图库\_camelimage_upload_work\J0S1U8125-2\black\black_06_model_scene.jpg"
"D:\JF图库\8-28_JF商品图输出\J0S1U8125-2\blue\blue_01_hero_front.png","D:\JF图库\_camelimage_upload_work\J0S1U8125-2\blue\blue_01_hero_front.jpg"
"D:\JF图库\8-28_JF商品图输出\J0S1U8125-2\blue\blue_02_back_view.png","D:\JF图库\_camelimage_upload_work\J0S1U8125-2\blue\blue_02_back_view.jpg"
"D:\JF图库\8-28_JF商品图输出\J0S1U8125-2\blue\blue_03_function_detail_a.png","D:\JF图库\_camelimage_upload_work\J0S1U8125-2\blue\blue_03_function_detail_a.jpg"
"D:\JF图库\8-28_JF商品图输出\J0S1U8125-2\blue\blue_04_function_detail_b.png","D:\JF图库\_camelimage_upload_work\J0S1U8125-2\blue\blue_04_function_detail_b.jpg"
"D:\JF图库\8-28_JF商品图输出\J0S1U8125-2\blue\blue_07_color_swatch.png","D:\JF图库\_camelimage_upload_work\J0S1U8125-2\blue\blue_07_color_swatch.jpg"
"D:\JF图库\8-28_JF商品图输出\J0S1U8125-2\blue\blue_05_function_detail_c.png","D:\JF图库\_camelimage_upload_work\J0S1U8125-2\blue\blue_05_function_detail_c.jpg"
"D:\JF图库\8-28_JF商品图输出\J0S1U8125-2\blue\blue_06_model_scene.png","D:\JF图库\_camelimage_upload_work\J0S1U8125-2\blue\blue_06_model_scene.jpg"
"D:\JF图库\8-28_JF商品图输出\J0S1U8125-2\pink\pink_01_hero_front.png","D:\JF图库\_camelimage_upload_work\J0S1U8125-2\pink\pink_01_hero_front.jpg"
"D:\JF图库\8-28_JF商品图输出\J0S1U8125-2\pink\pink_02_back_view.png","D:\JF图库\_camelimage_upload_work\J0S1U8125-2\pink\pink_02_back_view.jpg"
"D:\JF图库\8-28_JF商品图输出\J0S1U8125-2\pink\pink_03_function_detail_a.png","D:\JF图库\_camelimage_upload_work\J0S1U8125-2\pink\pink_03_function_detail_a.jpg"
"D:\JF图库\8-28_JF商品图输出\J0S1U8125-2\pink\pink_04_function_detail_b.png","D:\JF图库\_camelimage_upload_work\J0S1U8125-2\pink\pink_04_function_detail_b.jpg"
"D:\JF图库\8-28_JF商品图输出\J0S1U8125-2\pink\pink_05_function_detail_c.png","D:\JF图库\_camelimage_upload_work\J0S1U8125-2\pink\pink_05_function_detail_c.jpg"
"D:\JF图库\8-28_JF商品图输出\J0S1U8125-2\pink\pink_07_color_swatch.png","D:\JF图库\_camelimage_upload_work\J0S1U8125-2\pink\pink_07_color_swatch.jpg"
"D:\JF图库\8-28_JF商品图输出\J0S1U8125-2\pink\pink_06_model_scene.png","D:\JF图库\_camelimage_upload_work\J0S1U8125-2\pink\pink_06_model_scene.jpg"
"D:\JF图库\8-28_JF商品图输出\J15BAXN075\phantom_black\phantom_black_02_back_view.png","D:\JF图库\_camelimage_upload_work\J15BAXN075\phantom_black\phantom_black_02_back_view.jpg"
"D:\JF图库\8-28_JF商品图输出\J15BAXN075\phantom_black\phantom_black_01_hero_front.png","D:\JF图库\_camelimage_upload_work\J15BAXN075\phantom_black\phantom_black_01_hero_front.jpg"
"D:\JF图库\8-28_JF商品图输出\J15BAXN075\phantom_black\phantom_black_03_function_detail_a.png","D:\JF图库\_camelimage_upload_work\J15BAXN075\phantom_black\phantom_black_03_function_detail_a.jpg"
"D:\JF图库\8-28_JF商品图输出\J15BAXN075\phantom_black\phantom_black_07_color_swatch.png","D:\JF图库\_camelimage_upload_work\J15BAXN075\phantom_black\phantom_black_07_color_swatch.jpg"
"D:\JF图库\8-28_JF商品图输出\J15BAXN075\phantom_black\phantom_black_04_function_detail_b.png","D:\JF图库\_camelimage_upload_work\J15BAXN075\phantom_black\phantom_black_04_function_detail_b.jpg"
"D:\JF图库\8-28_JF商品图输出\J15BAXN075\phantom_black\phantom_black_05_function_detail_c.png","D:\JF图库\_camelimage_upload_work\J15BAXN075\phantom_black\phantom_black_05_function_detail_c.jpg"
"D:\JF图库\8-28_JF商品图输出\J15BAXN075\phantom_black\phantom_black_06_model_scene.png","D:\JF图库\_camelimage_upload_work\J15BAXN075\phantom_black\phantom_black_06_model_scene.jpg"
"D:\JF图库\8-28_JF商品图输出\J15BAXN075\rock_gray\rock_gray_01_hero_front.png","D:\JF图库\_camelimage_upload_work\J15BAXN075\rock_gray\rock_gray_01_hero_front.jpg"
"D:\JF图库\8-28_JF商品图输出\J15BAXN075\rock_gray\rock_gray_02_back_view.png","D:\JF图库\_camelimage_upload_work\J15BAXN075\rock_gray\rock_gray_02_back_view.jpg"
"D:\JF图库\8-28_JF商品图输出\J15BAXN075\rock_gray\rock_gray_04_function_detail_b.png","D:\JF图库\_camelimage_upload_work\J15BAXN075\rock_gray\rock_gray_04_function_detail_b.jpg"
"D:\JF图库\8-28_JF商品图输出\J15BAXN075\rock_gray\rock_gray_05_function_detail_c.png","D:\JF图库\_camelimage_upload_work\J15BAXN075\rock_gray\rock_gray_05_function_detail_c.jpg"
"D:\JF图库\8-28_JF商品图输出\J15BAXN075\rock_gray\rock_gray_03_function_detail_a.png","D:\JF图库\_camelimage_upload_work\J15BAXN075\rock_gray\rock_gray_03_function_detail_a.jpg"
"D:\JF图库\8-28_JF商品图输出\J15BAXN075\rock_gray\rock_gray_06_model_scene.png","D:\JF图库\_camelimage_upload_work\J15BAXN075\rock_gray\rock_gray_06_model_scene.jpg"
"D:\JF图库\8-28_JF商品图输出\J15BAXN075\rock_gray\rock_gray_07_color_swatch.png","D:\JF图库\_camelimage_upload_work\J15BAXN075\rock_gray\rock_gray_07_color_swatch.jpg"
"D:\JF图库\8-28_JF商品图输出\Y23BABV008-1\phantom_black\phantom_black_02_back_view.png","D:\JF图库\_camelimage_upload_work\Y23BABV008-1\phantom_black\phantom_black_02_back_view.jpg"
"D:\JF图库\8-28_JF商品图输出\Y23BABV008-1\phantom_black\phantom_black_03_function_detail_a.png","D:\JF图库\_camelimage_upload_work\Y23BABV008-1\phantom_black\phantom_black_03_function_detail_a.jpg"
"D:\JF图库\8-28_JF商品图输出\Y23BABV008-1\phantom_black\phantom_black_04_function_detail_b.png","D:\JF图库\_camelimage_upload_work\Y23BABV008-1\phantom_black\phantom_black_04_function_detail_b.jpg"
"D:\JF图库\8-28_JF商品图输出\Y23BABV008-1\phantom_black\phantom_black_01_hero_front.png","D:\JF图库\_camelimage_upload_work\Y23BABV008-1\phantom_black\phantom_black_01_hero_front.jpg"
"D:\JF图库\8-28_JF商品图输出\Y23BABV008-1\phantom_black\phantom_black_07_color_swatch.png","D:\JF图库\_camelimage_upload_work\Y23BABV008-1\phantom_black\phantom_black_07_color_swatch.jpg"
"D:\JF图库\8-28_JF商品图输出\Y23BABV008-1\phantom_black\phantom_black_05_function_detail_c.png","D:\JF图库\_camelimage_upload_work\Y23BABV008-1\phantom_black\phantom_black_05_function_detail_c.jpg"
"D:\JF图库\8-28_JF商品图输出\Y23BABV008-1\sea_cliff_gray\sea_cliff_gray_02_back_view.png","D:\JF图库\_camelimage_upload_work\Y23BABV008-1\sea_cliff_gray\sea_cliff_gray_02_back_view.jpg"
"D:\JF图库\8-28_JF商品图输出\Y23BABV008-1\sea_cliff_gray\sea_cliff_gray_01_hero_front.png","D:\JF图库\_camelimage_upload_work\Y23BABV008-1\sea_cliff_gray\sea_cliff_gray_01_hero_front.jpg"
"D:\JF图库\8-28_JF商品图输出\Y23BABV008-1\phantom_black\phantom_black_06_model_scene.png","D:\JF图库\_camelimage_upload_work\Y23BABV008-1\phantom_black\phantom_black_06_model_scene.jpg"
"D:\JF图库\8-28_JF商品图输出\Y23BABV008-1\sea_cliff_gray\sea_cliff_gray_03_function_detail_a.png","D:\JF图库\_camelimage_upload_work\Y23BABV008-1\sea_cliff_gray\sea_cliff_gray_03_function_detail_a.jpg"
"D:\JF图库\8-28_JF商品图输出\Y23BABV008-1\sea_cliff_gray\sea_cliff_gray_07_color_swatch.png","D:\JF图库\_camelimage_upload_work\Y23BABV008-1\sea_cliff_gray\sea_cliff_gray_07_color_swatch.jpg"
"D:\JF图库\8-28_JF商品图输出\Y23BABV008-1\sea_cliff_gray\sea_cliff_gray_04_function_detail_b.png","D:\JF图库\_camelimage_upload_work\Y23BABV008-1\sea_cliff_gray\sea_cliff_gray_04_function_detail_b.jpg"
"D:\JF图库\8-28_JF商品图输出\Y23BABV008-1\sea_cliff_gray\sea_cliff_gray_05_function_detail_c.png","D:\JF图库\_camelimage_upload_work\Y23BABV008-1\sea_cliff_gray\sea_cliff_gray_05_function_detail_c.jpg"
"D:\JF图库\8-28_JF商品图输出\Y23BABV008-1\sea_cliff_gray\sea_cliff_gray_06_model_scene.png","D:\JF图库\_camelimage_upload_work\Y23BABV008-1\sea_cliff_gray\sea_cliff_gray_06_model_scene.jpg"
"D:\JF图库\8-28_JF商品图输出\Y23BABV008-1\star_morning_gray\star_morning_gray_01_hero_front.png","D:\JF图库\_camelimage_upload_work\Y23BABV008-1\star_morning_gray\star_morning_gray_01_hero_front.jpg"
"D:\JF图库\8-28_JF商品图输出\Y23BABV008-1\star_morning_gray\star_morning_gray_02_back_view.png","D:\JF图库\_camelimage_upload_work\Y23BABV008-1\star_morning_gray\star_morning_gray_02_back_view.jpg"
"D:\JF图库\8-28_JF商品图输出\Y23BABV008-1\star_morning_gray\star_morning_gray_03_function_detail_a.png","D:\JF图库\_camelimage_upload_work\Y23BABV008-1\star_morning_gray\star_morning_gray_03_function_detail_a.jpg"
"D:\JF图库\8-28_JF商品图输出\Y23BABV008-1\star_morning_gray\star_morning_gray_07_color_swatch.png","D:\JF图库\_camelimage_upload_work\Y23BABV008-1\star_morning_gray\star_morning_gray_07_color_swatch.jpg"
"D:\JF图库\8-28_JF商品图输出\Y23BABV008-1\star_morning_gray\star_morning_gray_04_function_detail_b.png","D:\JF图库\_camelimage_upload_work\Y23BABV008-1\star_morning_gray\star_morning_gray_04_function_detail_b.jpg"
"D:\JF图库\8-28_JF商品图输出\Y23BABV008-1\star_morning_gray\star_morning_gray_05_function_detail_c.png","D:\JF图库\_camelimage_upload_work\Y23BABV008-1\star_morning_gray\star_morning_gray_05_function_detail_c.jpg"
"D:\JF图库\8-28_JF商品图输出\Y23BABV008-1\star_morning_gray\star_morning_gray_06_model_scene.png","D:\JF图库\_camelimage_upload_work\Y23BABV008-1\star_morning_gray\star_morning_gray_06_model_scene.jpg"
